FULL NAME,TEAM,POS,AGE,GP,MPG,FTA,FT%,2PA,2P%,3PA,3P%,eFG%,TS%,PPG,RPG,APG,SPG,BPG,TOPG,VI,ORTG,DRTG,RTG
Precious Achiuwa,Raptors,F,22.54,69,23.5,121,0.587,426,0.467,137,0.358,0.484,0.5,8.9,6.7,1.1,0.49,0.55,1.1,6.9,105.7,103.5,77
Steven Adams,Grizzlies,C,28.71,73,26.4,193,0.554,375,0.549,1,0,0.548,0.563,7.1,10,3.3,0.88,0.79,1.49,9.3,125.2,103.7,83
Bam Adebayo,Heat,C-F,24.71,54,32.6,321,0.748,699,0.559,6,0,0.555,0.604,18.9,10.2,3.4,1.43,0.8,2.7,10.7,116,97.7,87
Santi Aldama,Grizzlies,F-C,21.23,30,10.6,24,0.583,68,0.574,41,0.098,0.413,0.435,3.5,2.4,0.5,0.1,0.33,0.37,6.1,99.3,104,70
LaMarcus Aldridge,Nets,C-F,36.71,45,22.8,102,0.873,410,0.58,45,0.311,0.569,0.607,13.5,5.6,0.9,0.31,1.02,0.93,7.2,120.2,109.1,79
Nickeil Alexander-Walker,Pelicans,G,23.59,50,26.3,97,0.722,327,0.434,305,0.311,0.45,0.474,12.8,3.3,2.8,0.82,0.38,1.7,7.5,96.9,109.8,73
Nickeil Alexander-Walker,Jazz,G,23.59,13,9.9,11,0.909,14,0.357,27,0.259,0.378,0.447,3.2,1.5,1,0.31,0.31,0.62,6.8,93.7,103,73
Grayson Allen,Bucks,G,26.49,65,27.4,70,0.857,177,0.525,386,0.409,0.586,0.606,11.1,3.4,1.5,0.71,0.25,0.66,5.6,121,110.5,76
Jarrett Allen,Cavs,C,23.95,56,32.3,233,0.708,535,0.688,10,0.1,0.678,0.698,16.1,10.7,1.6,0.77,1.34,1.68,8.1,132.7,104.3,86
Jose Alvarado,Pelicans,G,23.98,50,15,45,0.711,163,0.528,101,0.307,0.502,0.523,5.9,1.8,2.7,1.26,0.14,0.7,8.2,114.3,103.6,76
Justin Anderson,Cavs,F-G,28.37,3,15.5,4,0.75,2,1,6,0.333,0.625,0.666,4.3,2,2,0.33,0,0.67,6.7,126.3,103.9,72
Justin Anderson,Pacers,F-G,28.37,12,22,15,0.8,33,0.576,52,0.25,0.453,0.486,7.4,3.3,2.1,0.58,0.42,0.5,6.8,108.1,112.5,72
Kyle Anderson,Grizzlies,F-G,28.54,65,21.5,97,0.629,339,0.475,101,0.317,0.475,0.496,7.4,5.4,2.6,1.12,0.63,1.02,8.7,108.3,103,79
Giannis Antetokounmpo,Bucks,F,27.33,64,33,738,0.721,962,0.616,233,0.296,0.583,0.633,30.1,11.6,5.8,1.06,1.41,3.31,15.3,123.8,100.4,97
Thanasis Antetokounmpo,Bucks,F,29.71,45,9.4,36,0.583,98,0.571,11,0.091,0.528,0.545,3,2.1,0.4,0.33,0.24,0.47,5.8,111.8,98.5,72
Carmelo Anthony,Lakers,F,37.85,68,26,157,0.828,322,0.525,391,0.376,0.546,0.581,13.4,4.1,1,0.66,0.75,0.85,5.8,114.5,108.2,79
Cole Anthony,Magic,G,21.89,65,31.7,253,0.854,521,0.432,391,0.338,0.464,0.519,16.3,5.4,5.7,0.71,0.26,2.62,10,103.1,107.4,78
OG Anunoby,Raptors,F,24.72,47,36.2,116,0.75,376,0.508,312,0.369,0.528,0.551,17.3,5.4,2.6,1.49,0.53,1.64,6.9,112.6,106.5,81
Ryan Arcidiacono,Knicks,G,28.03,8,5,0,0,2,0.5,4,0.75,0.917,0.917,1.4,0.5,0.1,0,0,0.13,3.3,146.7,117.7,69
Trevor Ariza,Lakers,F,36.76,24,19.3,18,0.556,25,0.52,74,0.27,0.434,0.449,4,3.4,1.1,0.5,0.25,0.46,5.1,97.3,112.7,72
D.J. Augustin,Rockets,G,34.4,34,15,38,0.868,40,0.4,96,0.406,0.548,0.596,5.4,1.2,2.2,0.29,0,1.32,6.5,107,119.5,73
D.J. Augustin,Lakers,G,34.4,17,17.3,1,1,15,0.6,56,0.5,0.718,0.721,6.1,1.4,1.4,0.29,0,0.47,5.3,134.1,114.6,73
Deni Avdija,Wizards,F,21.25,78,23.8,132,0.765,294,0.517,236,0.326,0.505,0.541,8.2,5.1,1.9,0.72,0.54,0.99,7.2,107.4,105.5,78
Deandre Ayton,Suns,C,23.7,56,29.5,140,0.743,648,0.644,17,0.353,0.641,0.658,17.1,10.2,1.4,0.7,0.66,1.59,8.5,124.3,99.8,86
Udoka Azubuike,Jazz,C-F,22.55,17,11.5,11,0.545,49,0.755,0,0,0.755,0.743,4.7,4.2,0,0.06,0.65,0.71,0,125,98.1,73
Marvin Bagley III,Kings,F,23.06,30,21.9,47,0.745,184,0.538,62,0.242,0.494,0.521,9.3,7.2,0.6,0.3,0.37,0.7,6.3,111,109,78
Marvin Bagley III,Pistons,F,23.06,18,27.2,54,0.593,165,0.624,35,0.229,0.575,0.585,14.6,6.8,1.1,0.72,0.39,1,7,115.7,107.3,78
LaMelo Ball,Hornets,G,20.62,71,32.3,236,0.869,658,0.462,530,0.379,0.51,0.548,19.9,6.7,7.5,1.58,0.42,3.17,12.4,110.8,105.3,86
Lonzo Ball,Bulls,G,24.44,35,34.6,28,0.75,123,0.423,260,0.423,0.567,0.575,13,5.4,5.1,1.83,0.89,2.34,8.2,109.8,107.8,82
Mo Bamba,Magic,C,23.9,68,25.9,66,0.803,329,0.559,262,0.37,0.558,0.574,10.5,8.1,1.2,0.56,1.63,1.12,7.2,112.6,103.1,80
Desmond Bane,Grizzlies,G,23.78,73,30,147,0.898,553,0.488,509,0.43,0.564,0.59,18.2,4.4,2.8,1.15,0.4,1.45,8.1,118.5,104.5,84
Dalano Banton,Raptors,F,22.41,63,11,42,0.595,151,0.464,51,0.255,0.443,0.463,3.2,2,1.6,0.41,0.16,0.84,7.9,97.8,104,72
Harrison Barnes,Kings,F,29.84,74,34,407,0.828,466,0.524,352,0.401,0.557,0.626,16.9,5.7,2.5,0.72,0.19,1.61,7.3,121.8,115.3,80
Scottie Barnes,Raptors,F,20.67,70,35.5,206,0.738,706,0.54,183,0.301,0.521,0.551,15.4,7.5,3.5,1.11,0.79,1.86,8.3,115.4,106.5,72
RJ Barrett,Knicks,F-G,21.8,68,34.7,390,0.721,764,0.442,393,0.346,0.468,0.514,20.1,5.9,2.9,0.63,0.24,2.18,8.1,103.7,108.6,85
Will Barton,Nuggets,G,31.24,69,32,123,0.797,457,0.508,416,0.365,0.527,0.549,14.8,4.8,3.9,0.78,0.45,1.8,8.1,107.7,110.7,78
Charles Bassey,76ers,C-F,21.43,23,7.3,12,0.75,43,0.698,4,0,0.638,0.66,3,2.7,0.3,0.22,0.74,0.35,7.4,131.3,90.1,73
Keita Bates-Diop,Spurs,F,26.2,55,16,56,0.732,182,0.56,51,0.333,0.547,0.574,5.4,3.9,0.7,0.45,0.25,0.71,6.1,111.8,108.4,
Nicolas Batum,Clippers,G-F,33.3,57,24.8,36,0.667,114,0.605,266,0.398,0.6,0.606,8.4,4.3,1.7,0.98,0.74,0.67,6.4,118.2,107.4,76
Kent Bazemore,Lakers,G-F,32.76,38,14,17,0.765,58,0.276,79,0.367,0.434,0.457,3.5,1.8,0.9,0.66,0.21,0.55,5.1,94,103.7,72
Darius Bazley,Thunder,F-G,21.81,69,27.9,170,0.688,380,0.511,269,0.297,0.484,0.515,10.8,6.3,1.4,0.84,1.01,1.3,6.5,101,110.6,77
Bradley Beal,Wizards,G,28.77,40,36,203,0.833,561,0.508,210,0.3,0.492,0.539,23.2,4.7,6.6,0.9,0.38,3.38,10,105.7,111.7,
Malik Beasley,Timberwolves,G,25.35,76,25,58,0.81,207,0.435,612,0.377,0.533,0.545,12.1,2.9,1.5,0.54,0.16,0.57,6,111.3,113.4,
DeAndre' Bembry,Nets,G-F,27.75,48,19.8,35,0.6,177,0.599,36,0.417,0.603,0.609,5.8,3.2,1.3,0.98,0.52,0.63,5.8,120,104.6,74
DeAndre' Bembry,Bucks,G-F,27.75,8,9.6,0,0,8,0.375,0,0,0.375,0.375,0.8,1.4,0.8,0.25,0,0.13,4,116.4,104.1,74
Davis Bertans,Wizards,F,29.39,34,14.7,30,0.933,27,0.519,144,0.319,0.485,0.527,5.7,1.8,0.5,0.32,0.18,0.41,4.7,103.4,106.8,
Davis Bertans,Mavericks,F,29.39,19,13.6,10,0.8,15,0.467,74,0.324,0.483,0.503,4.9,2.3,0.4,0.21,0.26,0.26,4.9,101.7,101.4,
Patrick Beverley,Timberwolves,G,33.73,56,25.6,127,0.724,189,0.481,236,0.347,0.504,0.541,9.3,4.2,4.6,1.18,0.89,1.29,8.8,118.5,103.4,
Saddiq Bey,Pistons,F,22.99,79,33.2,244,0.824,508,0.457,591,0.352,0.495,0.534,16.3,5.5,2.8,0.91,0.2,1.22,7.6,111.2,113.3,
Khem Birch,Raptors,C,29.51,51,17.8,70,0.743,171,0.515,13,0,0.478,0.531,4.5,4.3,1,0.53,0.45,0.49,6,124.5,103.2,73
Goga Bitadze,Pacers,C-F,22.71,50,14.6,94,0.681,172,0.628,80,0.288,0.565,0.595,7,3.5,1.1,0.42,0.84,0.92,8.2,118.3,103.5,
Bismack Biyombo,Suns,C,29.6,33,13.5,66,0.515,126,0.587,0,0,0.587,0.587,5.5,4.4,0.6,0.33,0.7,0.73,7.2,119.2,94.7,
Nemanja Bjelica,Warriors,F,33.9,68,16,76,0.711,183,0.541,145,0.359,0.54,0.564,6,4.1,2.2,0.56,0.38,1.21,9.5,109.6,97,75
Eric Bledsoe,Clippers,G,32.32,54,25.2,117,0.761,305,0.479,163,0.313,0.475,0.514,9.9,3.4,4.2,1.28,0.35,2.15,8.3,100.4,107.5,76
Keljin Blevins,Trail Blazers,G,26.36,27,10.8,11,0.545,33,0.364,60,0.3,0.419,0.429,3.1,1.4,0.7,0.33,0.04,0.52,5.4,91.2,113.6,
Bojan Bogdanovic,Jazz,F,32.96,66,30.8,240,0.858,440,0.525,447,0.387,0.553,0.598,18,4.2,1.8,0.44,0.02,1.68,6.7,116.4,110.4,
Bogdan Bogdanovic,Hawks,G,29.63,59,29.2,106,0.858,311,0.531,421,0.359,0.535,0.561,14.8,3.8,3,1.08,0.22,1.17,7.6,113.4,110.3,
Bol Bol,Nuggets,C-F,22.38,13,6.2,3,0.667,23,0.609,4,0.25,0.574,0.583,2.5,1.5,0.4,0.08,0.15,0.31,7.4,110.2,109.7,
Leandro Bolmaro,Timberwolves,F,21.56,34,6.6,11,0.818,28,0.321,17,0.235,0.333,0.391,1.1,1.2,0.5,0.18,0,0.38,5.3,90.2,105.4,
Isaac Bonga,Raptors,G,22.4,15,4.6,8,0.625,9,0.222,4,0.25,0.269,0.363,0.8,0.5,0.3,0.53,0.13,0.13,4.3,92.5,96.1,70
Devin Booker,Suns,G,25.43,66,34.5,356,0.865,909,0.508,464,0.377,0.528,0.574,26.6,5,4.9,1.15,0.39,2.42,10.1,113,103.8,
Brandon Boston Jr.,Clippers,G,20.35,50,14.4,68,0.838,201,0.413,109,0.312,0.432,0.478,6.5,2.1,0.9,0.5,0.24,0.6,6.4,97.3,108.6,72
Chris Boucher,Raptors,F-C,29.23,76,20.9,178,0.77,331,0.577,212,0.288,0.52,0.565,9.2,6.2,0.3,0.62,0.93,0.55,4.9,122.2,101.4,78
James Bouknight,Hornets,G,21.54,28,10.6,31,0.871,87,0.356,49,0.347,0.415,0.468,5,1.7,0.8,0.25,0.04,0.46,7.1,102.1,109.5,
Avery Bradley,Lakers,G,31.35,61,22.8,18,0.889,139,0.468,207,0.391,0.539,0.55,6.4,2.2,0.8,0.87,0.15,0.62,3.9,106.3,109.9,72
Tony Bradley,Bulls,C-F,24.24,52,10.1,25,0.68,111,0.577,0,0,0.577,0.594,2.8,3.4,0.5,0.21,0.62,0.58,6.7,118,102.9,
Ignas Brazdeikis,Magic,F,23.24,39,11.4,21,0.667,78,0.513,69,0.333,0.507,0.522,4.2,1.4,0.8,0.23,0.05,0.36,5.9,106.4,108.4,
Miles Bridges,Hornets,F,24.04,76,35.8,321,0.798,716,0.591,444,0.329,0.553,0.592,20.3,7.1,3.8,0.95,0.86,1.93,9.1,116.4,109.7,
Mikal Bridges,Suns,F,25.59,78,35.5,151,0.828,525,0.627,306,0.373,0.602,0.627,14.4,4.3,2.3,1.19,0.46,0.83,5.9,125.3,107.3,
Oshae Brissett,Pacers,F-G,23.79,64,23,149,0.698,251,0.462,216,0.347,0.489,0.527,8.8,5.3,1,0.64,0.45,0.81,6.3,111.1,111.2,
Malcolm Brogdon,Pacers,G,29.31,36,33.5,167,0.856,357,0.518,186,0.312,0.501,0.557,19.1,5.1,5.9,0.86,0.39,2.14,9.9,115.8,113.9,
Armoni Brooks,Rockets,G,23.83,41,16.8,19,0.842,38,0.605,213,0.3,0.474,0.49,6.2,2,1.2,0.51,0.2,0.56,5.9,100.5,112.1,
Armoni Brooks,Raptors,G,23.83,11,11,0,0,2,0.5,29,0.31,0.468,0.468,2.6,1.5,0.9,0.64,0.27,0.27,5.5,111.3,106.8,73
Dillon Brooks,Grizzlies,G-F,26.2,30,27.8,104,0.846,353,0.479,142,0.303,0.472,0.513,18.5,3.3,2.7,1.17,0.23,1.6,7.9,107.3,101.8,81
Chaundee Brown Jr.,Lakers,G,23.33,2,10.3,0,0,4,0.25,3,0,0.143,0.143,1,1,0,0,0,0.5,0,27.3,120.7,67
Charlie Brown Jr.,Mavericks,G,24.17,3,5.1,0,0,2,0.5,3,0,0.2,0.2,0.7,0.3,0.3,0.67,0.33,0,3.1,55.6,93.6,69
Chaundee Brown Jr.,Hawks,G,23.33,3,27.7,6,0.833,10,0.3,15,0.4,0.48,0.525,9.7,4.7,1.3,0.67,0,0,5.6,117.6,108.6,67
Charlie Brown Jr.,76ers,G,24.17,19,8.5,10,0.9,25,0.32,9,0.111,0.279,0.365,1.5,1.6,0.3,0.42,0.16,0.26,4.2,93.2,103.2,69
Greg Brown III,Trail Blazers,F,20.59,44,12.5,61,0.656,116,0.474,50,0.32,0.476,0.513,4.5,2.7,0.6,0.52,0.45,0.64,6.2,104.3,103,
Troy Brown Jr.,Bulls,G-F,22.69,62,15.9,25,0.76,115,0.487,121,0.347,0.504,0.52,4.1,3,0.9,0.48,0.08,0.37,5.6,110.2,109.6,
Bruce Brown,Nets,G-F,25.63,68,24,115,0.748,383,0.53,84,0.381,0.537,0.568,8.6,4.7,1.9,1.07,0.62,0.72,7.1,120.6,105.5,77
Jaylen Brown,Celtics,G-F,25.44,63,33.7,305,0.767,715,0.545,445,0.36,0.543,0.577,23.7,6.1,3.4,1.02,0.25,2.7,9.4,109.4,102.5,
Moses Brown,Mavericks,C,22.48,26,6.5,43,0.628,50,0.54,0,0,0.54,0.588,3.1,2.3,0,0.12,0.35,0.54,0,107.3,91,
Moses Brown,Cavs,C,22.48,11,12.3,25,0.56,45,0.622,0,0,0.622,0.625,6.4,5.5,0,0.27,0.64,0.36,0,127.4,92.2,
Sterling Brown,Mavericks,G-F,27.15,48,12.8,15,0.933,60,0.483,89,0.303,0.466,0.492,3.2,3,0.7,0.27,0.15,0.48,5.9,101.7,102,
Jalen Brunson,Mavericks,G,25.59,76,32.1,201,0.841,734,0.544,240,0.371,0.547,0.581,16.2,3.8,4.8,0.86,0.04,1.62,8.3,117.5,107.2,
Thomas Bryant,Wizards,C-F,24.68,25,16.4,40,0.875,102,0.627,40,0.3,0.577,0.623,8,3.8,0.9,0.24,0.72,0.72,7.3,121.7,106.6,
Reggie Bullock,Mavericks,G-F,31.05,65,28,47,0.83,105,0.562,378,0.36,0.545,0.561,8.7,3.6,1.2,0.62,0.22,0.55,4.8,112.4,107.7,
Trey Burke,Mavericks,G,29.39,39,10.7,23,0.87,125,0.448,80,0.313,0.456,0.481,5.3,0.8,1.3,0.28,0,0.67,6.6,96.9,105.1,
Alec Burks,Knicks,G,30.71,78,28.3,252,0.825,325,0.378,373,0.402,0.499,0.559,11.6,4.9,2.9,1.05,0.32,1.04,7.7,117.6,103.4,
Jared Butler,Jazz,G,21.61,39,7.8,12,0.583,56,0.518,75,0.347,0.519,0.525,3.7,0.9,1.3,0.33,0.18,0.79,8.4,100.9,99.1,
Jimmy Butler,Heat,F,32.55,55,33.8,435,0.871,695,0.517,110,0.227,0.493,0.588,21.3,6,5.5,1.65,0.49,2.07,10.5,123.9,106.6,
Devontae Cacok,Spurs,F,25.49,12,7.8,7,0.571,27,0.704,0,0,0.704,0.698,3.5,3.1,0.4,0.58,0.58,0.17,8.4,139.3,94.5,
Kentavious Caldwell-Pope,Wizards,G,29.12,75,30.3,154,0.89,410,0.473,400,0.393,0.53,0.567,13.3,3.4,1.9,1.09,0.35,1.23,5.8,109.4,112,
Facundo Campazzo,Nuggets,G,31.03,63,18.6,78,0.769,102,0.48,189,0.302,0.462,0.506,5.2,1.9,3.4,0.97,0.37,1.05,6.9,109.3,104.1,
Vlatko Cancar,Nuggets,F,24.98,14,10.9,12,0.75,27,0.556,12,0.583,0.654,0.678,4.3,1.6,0.9,0.14,0.21,0.57,6.7,123.9,108,
Devin Cannady,Magic,G,25.87,2,29.7,2,0.5,3,0,13,0.308,0.375,0.385,6.5,1,2.5,1.5,1,2,3.4,76.1,113.2,
Clint Capela,Hawks,C,27.88,70,27.6,159,0.465,563,0.606,1,0,0.605,0.596,10.8,11.8,1.3,0.7,1.3,0.63,8,132.5,104.9,
Vernon Carey Jr.,Hornets,F-C,21.1,4,4.2,3,0.667,6,0.5,0,0,0.5,0.546,2,1.3,0,0.25,0,0.25,0,113.7,110.5,
Wendell Carter Jr.,Magic,C-F,22.97,62,29.9,207,0.691,470,0.615,214,0.327,0.576,0.601,15,10.4,2.8,0.58,0.69,1.89,10.2,115.4,103,
Jevon Carter,Nets,G,26.55,46,12,10,0.7,47,0.34,127,0.331,0.454,0.462,3.6,1.5,1,0.3,0.22,0.57,5.8,93.9,109.7,73
Jevon Carter,Bucks,G,26.55,16,18.2,8,1,29,0.552,36,0.611,0.754,0.773,6.6,2.1,2.6,0.38,0.19,0.44,7.3,154.2,110.8,73
Alex Caruso,Bulls,G,28.1,40,28.1,73,0.795,129,0.465,121,0.347,0.492,0.539,7.6,3.6,3.9,1.78,0.38,1.43,6.8,111.3,105.6,
Willie Cauley-Stein,Mavericks,C,28.63,18,9.8,2,0.5,33,0.455,2,0.5,0.471,0.474,1.9,2.1,0.5,0.33,0.17,0.39,5.1,102.9,101.6,
Justin Champagnie,Raptors,G-F,20.77,35,7.8,9,1,39,0.538,26,0.346,0.531,0.566,2.2,2,0.3,0.2,0.11,0.2,5.6,129,102.5,69
Zylan Cheatham,Jazz,F,26.38,1,5.2,0,0,1,0,2,0,0,0,0,0,0,0,0,0,0,0,120.2,
Chris Chiozza,Warriors,G,26.37,34,10.9,3,0.667,28,0.25,53,0.321,0.401,0.407,2,1.1,1.9,0.38,0,0.94,5.9,88.5,104,72
Marquese Chriss,Mavericks,F,24.76,32,9.8,25,0.6,98,0.51,24,0.292,0.496,0.511,4.3,3.1,0.5,0.38,0.38,0.53,7.7,104.8,88.5,
Josh Christopher,Rockets,G,20.32,71,17.7,105,0.771,294,0.537,177,0.299,0.504,0.538,7.8,2.4,2,0.89,0.15,1.51,7.6,101.6,112.8,
Brandon Clarke,Grizzlies,F,25.54,61,19.6,128,0.656,403,0.66,22,0.227,0.644,0.655,10.3,5.5,1.4,0.57,1.11,0.56,8.8,136.6,102.3,78
Gary Clark,Pelicans,F,27.38,35,9.5,8,0.75,13,0.231,62,0.387,0.52,0.535,2.4,2.3,0.4,0.31,0.2,0.2,5.5,115.5,108.2,72
Jordan Clarkson,Jazz,G,29.82,75,27.1,165,0.824,498,0.534,568,0.317,0.503,0.53,16.1,3.4,2.3,0.83,0.21,1.61,7.4,107.3,107.8,
Nic Claxton,Nets,F-C,22.97,43,20.6,88,0.58,241,0.672,0,0,0.672,0.67,8.7,5.5,0.9,0.53,1.14,0.79,6.8,131.1,104.5,78
Amir Coffey,Clippers,G-F,24.8,66,22.9,113,0.858,200,0.545,242,0.368,0.549,0.592,8.8,2.8,1.8,0.58,0.21,0.64,6.2,119.1,109.8,75
John Collins,Hawks,F-C,24.53,54,30.8,169,0.793,468,0.588,176,0.364,0.576,0.61,16.2,7.8,1.8,0.61,1.04,1.11,7.9,122.8,106.1,
Zach Collins,Spurs,F-C,24.37,24,17.7,55,0.782,92,0.533,37,0.324,0.519,0.578,7.4,5.4,2.1,0.42,0.71,1.67,9.9,110.6,100.3,
Mike Conley,Jazz,G,34.48,69,28.5,154,0.812,356,0.466,398,0.41,0.544,0.576,13.7,3,5.3,1.32,0.29,1.67,8.4,121,107.5,
Pat Connaughton,Bucks,G,29.24,62,26.3,52,0.827,121,0.653,358,0.397,0.61,0.625,10.1,4.2,1.3,0.89,0.23,0.53,5.8,125.3,109.5,78
Tyler Cook,Bulls,F,24.53,19,10.3,31,0.645,36,0.611,0,0,0.611,0.645,3.4,2.7,0.2,0.21,0.21,0.37,4.8,128,101.5,
DeMarcus Cousins,Bucks,C,31.64,17,16.9,38,0.816,70,0.6,48,0.271,0.521,0.572,9.1,5.8,1.1,0.94,0.47,0.94,9.2,116,92.9,78
DeMarcus Cousins,Nuggets,C,31.64,28,14.1,77,0.727,123,0.537,68,0.324,0.518,0.565,9.1,5.6,1.7,0.64,0.39,2.29,12.6,100.6,86.7,78
Robert Covington,Trail Blazers,F,31.31,48,29.8,36,0.833,106,0.462,230,0.343,0.499,0.519,7.6,5.7,1.4,1.54,1.31,1.21,5.3,100.7,108.3,75
Robert Covington,Clippers,F,31.31,20,22.7,25,0.88,48,0.625,95,0.453,0.661,0.685,10.6,4.9,1.1,1.3,1.4,0.75,6.8,128.1,99.1,75
Torrey Craig,Pacers,F,31.29,51,20.3,35,0.771,143,0.573,138,0.333,0.537,0.555,6.5,3.8,1.1,0.47,0.37,0.76,5.9,112.7,110.2,
Torrey Craig,Suns,F,31.29,23,21.1,17,0.706,59,0.644,74,0.284,0.523,0.537,6.6,4.4,1.3,0.91,0.65,1.04,6.4,103.8,99.9,
Jae Crowder,Suns,F,31.75,65,28.3,89,0.798,173,0.509,353,0.351,0.521,0.548,9.5,5.3,1.8,1.4,0.45,0.85,6.3,109.3,99.8,
Jarrett Culver,Grizzlies,G-F,23.12,36,8.5,29,0.483,78,0.462,41,0.244,0.429,0.44,3.2,1.3,0.9,0.53,0.14,0.5,7.3,95,98.9,70
Jarron Cumberland,Trail Blazers,G,24.53,3,4.1,0,0,1,1,1,0,0.5,0.5,0.7,1,0.3,0,0,0,5.8,137.9,103.8,
Cade Cunningham,Pistons,G,20.52,62,32.4,155,0.839,640,0.473,354,0.319,0.475,0.506,17.3,5.5,5.5,1.23,0.66,3.6,9.9,96.5,106.7,
Seth Curry,76ers,G,31.61,45,34.8,73,0.877,278,0.561,250,0.4,0.58,0.603,15,3.4,4,0.8,0.24,1.87,6.8,113.5,109.2,78
Seth Curry,Nets,G,31.61,17,30,18,0.889,81,0.506,111,0.477,0.628,0.643,15.1,2.6,2.5,1,0.18,1.41,6.2,118.8,109.9,78
Stephen Curry,Warriors,G,34.06,64,34.6,298,0.923,474,0.527,750,0.38,0.554,0.601,25.5,5.2,6.3,1.33,0.36,3.22,10.9,115,105,96
Anthony Davis,Lakers,F-C,29.07,39,35.1,242,0.715,609,0.57,68,0.191,0.541,0.578,23.2,9.8,3.1,1.23,2.28,2.05,10.1,115.8,107.6,92
Ed Davis,Cavs,C-F,32.83,30,6.7,14,0.429,16,0.688,0,0,0.688,0.632,0.9,2.1,0.2,0.1,0.3,0.17,4.3,127.8,91.7,
Terence Davis,Kings,G,24.89,30,17.9,44,0.818,118,0.542,149,0.329,0.515,0.543,10.4,3.1,1.3,0.83,0.37,1.1,7.8,103.3,103.2,
Gabriel Deck,Thunder,F,27.15,7,7.9,0,0,10,0.6,4,0.5,0.643,0.643,2.6,0.9,0.7,0.14,0,0.29,6,121,114.3,74
Dewayne Dedmon,Heat,C,32.64,66,15.9,98,0.755,242,0.595,46,0.413,0.599,0.633,6.3,5.8,0.7,0.35,0.62,1.05,7.4,118,90.1,
DeMar DeRozan,Bulls,G-F,32.66,73,36.2,577,0.877,1342,0.519,138,0.355,0.52,0.59,28,5.3,5,0.89,0.33,2.33,10,117.7,110.4,
Mamadi Diakite,Thunder,F,25.2,13,14.4,11,0.545,42,0.595,5,0,0.532,0.54,4.3,4.5,0.2,0.38,0.69,0.46,4.4,110.1,94.2,69
Cheick Diallo,Pistons,F-C,25.55,3,10.2,6,0.833,8,0.375,0,0,0.375,0.517,3.7,4,0,0.33,0,0.33,0,115.7,92,
Hamidou Diallo,Pistons,G,23.68,58,21.9,140,0.65,433,0.55,93,0.247,0.518,0.541,11,4.8,1.3,1.22,0.29,1,7.5,107.5,102.9,
Gorgui Dieng,Hawks,C,32.21,43,8.6,26,0.731,44,0.545,66,0.439,0.614,0.634,3.6,2.8,0.8,0.26,0.3,0.47,9.3,125.6,99.6,
Spencer Dinwiddie,Wizards,G,29,44,30.2,143,0.811,266,0.432,226,0.31,0.447,0.501,12.6,4.7,5.8,0.61,0.16,1.66,9.3,108.8,109.7,
Spencer Dinwiddie,Mavericks,G,29,20,29.6,101,0.723,126,0.571,95,0.389,0.577,0.618,16.4,3.3,4,0.7,0.25,1.35,8.1,123.5,106.7,
Donte DiVincenzo,Bucks,G,25.17,17,20.1,27,0.852,44,0.409,74,0.284,0.419,0.47,7.2,3.5,1.7,0.65,0.18,1.65,7,93.9,107.2,76
Donte DiVincenzo,Kings,G,25.17,22,26.7,47,0.872,65,0.354,127,0.362,0.479,0.529,10.2,4.5,3.7,1.55,0.23,1.59,8.3,108.9,110.4,76
Luka Doncic,Mavericks,F-G,23.1,62,35.6,457,0.744,804,0.526,539,0.353,0.527,0.569,28.3,9.1,8.7,1.16,0.55,4.47,14.7,110.2,102.8,
Luguentz Dort,Thunder,G,22.96,51,32.7,191,0.843,335,0.487,391,0.332,0.493,0.541,17.2,4.2,1.7,0.9,0.35,1.73,6.1,104.5,107.3,79
Ayo Dosunmu,Bulls,G,22.21,73,27.3,68,0.676,318,0.597,176,0.369,0.582,0.593,8.5,2.7,3.3,0.74,0.4,1.29,6.2,113.5,108.5,
Damyean Dotson,Knicks,G,27.91,2,10.3,0,0,3,0.667,1,0,0.5,0.5,2,1,0.5,0,0,0,3.9,113.5,117.8,
Devon Dotson,Bulls,G,22.67,11,7.7,9,0.556,14,0.643,9,0.222,0.522,0.538,2.6,0.8,1.4,0.09,0,0.45,7.4,109.3,104.8,
Sekou Doumbouya,Lakers,F,21.28,2,8.2,4,0.75,6,0.667,2,0.5,0.688,0.717,7,3,0,1.5,1,1,0,118.3,98.5,71
Jeff Dowtin,Warriors,G,24.9,4,6.9,0,0,5,0.6,1,0,0.5,0.5,1.5,1.8,0.8,0,0.25,0.25,7.5,108.9,103.5,67
Jeff Dowtin,Magic,G,24.9,4,19.3,2,1,12,0.333,7,0.143,0.289,0.327,3.3,2.8,1.8,1.25,0,1,5.3,85,112.7,67
P.J. Dozier,Nuggets,G-F,25.44,18,18.9,13,0.769,51,0.412,48,0.313,0.439,0.463,5.4,3.5,1.6,0.61,0.33,0.72,6.6,100.5,104.6,
Goran Dragic,Raptors,G,35.91,5,18,10,1,20,0.45,14,0.286,0.441,0.521,8,2.8,1.8,1,0.2,0.2,7.6,122.2,103.4,74
Goran Dragic,Nets,G,35.91,16,25.5,23,0.739,68,0.471,49,0.245,0.427,0.46,7.3,3.2,4.8,0.88,0.19,2.06,7.6,97.5,108.4,74
Andre Drummond,76ers,C,28.65,49,18.4,82,0.512,236,0.542,2,0,0.538,0.544,6.1,8.8,2,1.16,0.92,1.61,10.3,111.7,91.8,81
Andre Drummond,Nets,C,28.65,20,22.7,79,0.519,157,0.611,1,0,0.608,0.604,11.7,10.2,1.6,0.9,0.9,1.55,10.1,121.7,98.2,81
Chris Duarte,Pacers,G,24.81,55,28,112,0.804,366,0.475,255,0.369,0.507,0.537,13.1,4.1,2.1,1.02,0.18,1.64,6.9,104.4,113.1,
David Duke Jr.,Nets,G,22.48,21,16.2,21,0.81,71,0.423,37,0.243,0.403,0.444,5,3.2,0.8,0.67,0.33,0.43,5.8,104.5,105.9,72
Kris Dunn,Trail Blazers,G,28.05,12,23.8,14,1,76,0.526,9,0.111,0.488,0.532,8.1,3.3,5.4,1.67,0.25,2,8.8,108.5,105.5,
Kevin Durant,Nets,F,33.51,51,37,370,0.905,768,0.572,275,0.393,0.576,0.637,30.1,7.3,6.1,0.88,0.9,3.39,11.9,120.7,110.2,96
Anthony Edwards,Timberwolves,G,20.66,69,34.4,263,0.783,613,0.512,578,0.36,0.526,0.558,21.1,4.8,3.8,1.49,0.67,2.7,8.5,107.3,109.3,
Kessler Edwards,Nets,F,21.65,44,20,16,0.813,113,0.46,123,0.374,0.513,0.525,5.8,3.5,0.6,0.64,0.45,0.89,4.6,100.3,107.8,72
CJ Elleby,Trail Blazers,F-G,21.8,54,19.5,78,0.718,166,0.446,113,0.283,0.437,0.479,5.6,3.9,1.5,0.57,0.31,0.93,6.6,102,109.4,
Wayne Ellington,Lakers,G,34.35,40,18.5,5,0.8,22,0.545,191,0.393,0.585,0.588,6.3,1.7,0.7,0.58,0.1,0.4,4.2,113.5,113.7,72
Joel Embiid,76ers,C-F,28.05,65,33.6,766,0.817,1023,0.523,242,0.368,0.528,0.613,30.2,11.6,4.3,1.14,1.49,3.09,13.6,119.7,101.1,96
James Ennis III,Nets,F,31.76,2,6.9,0,0,5,0.2,2,0.5,0.357,0.357,2.5,2.5,0,0.5,0.5,0,0,93,112.2,76
James Ennis III,Clippers,F,31.76,2,14.1,4,1,7,0.714,4,0.5,0.727,0.784,10,2.5,0,0.5,0.5,0.5,0,145.4,99.6,76
James Ennis III,Nuggets,F,31.76,3,4.6,1,0,4,0.5,2,0,0.333,0.311,1.3,0.7,1,0,0,0.33,8.4,82.7,111.4,76
Drew Eubanks,Spurs,F-C,25.17,49,12.1,79,0.747,151,0.55,8,0.125,0.531,0.588,4.7,4,1,0.27,0.61,0.94,8.8,113.6,103.3,
Drew Eubanks,Trail Blazers,F-C,25.17,19,29.3,45,0.756,166,0.663,13,0.308,0.648,0.669,14,8.9,1.8,0.74,0.37,1.63,8.3,128.1,109.7,
Tacko Fall,Cavs,C,26.32,11,5.3,7,0.286,12,0.417,0,0,0.417,0.398,1.1,2.1,0.2,0,0.55,0.27,5.8,92,104.5,
Derrick Favors,Thunder,F,30.72,39,16.7,25,0.64,166,0.554,16,0.125,0.522,0.534,5.3,4.7,0.6,0.44,0.31,0.23,5.9,119.2,104.1,76
Bruno Fernando,Rockets,F-C,23.64,10,9.4,19,0.579,40,0.725,1,0,0.707,0.699,6.9,4,0.3,0.1,0.8,0.9,8.6,119.2,96,
Dorian Finney-Smith,Mavericks,F,28.92,77,33.2,83,0.675,253,0.593,418,0.383,0.581,0.591,10.9,4.7,1.9,1.09,0.49,1.03,5.5,118.1,105.9,
Malik Fitts,Jazz,F,20,7,5,0,0,5,0,4,0.5,0.333,0.333,0.9,1.4,0,0,0,0.29,0,57.1,102.8,
Malachi Flynn,Raptors,G,23.9,40,12,23,0.609,81,0.481,81,0.333,0.491,0.503,4.3,1.4,1.6,0.45,0.1,0.28,7.1,115.5,105.8,74
Bryn Forbes,Spurs,G,28.7,40,16.9,49,0.898,145,0.448,151,0.417,0.539,0.572,9.1,1.6,1,0.43,0.08,0.83,5.8,107.5,111.7,
Bryn Forbes,Nuggets,G,28.7,33,17.2,31,0.903,94,0.447,133,0.406,0.542,0.569,8.3,0.9,1,0.21,0.06,0.67,4.5,108.2,109.5,
Aleem Ford,Magic,F,20,5,14.7,0,0,5,0.8,15,0.133,0.35,0.35,2.8,3,0.4,0.2,0,0.8,4.1,67.4,105.9,
Trent Forrest,Jazz,G,23.81,59,12.8,48,0.792,126,0.548,27,0.185,0.5,0.548,3.2,1.7,1.8,0.51,0.08,0.78,6.7,111.8,108.6,
Evan Fournier,Knicks,G-F,29.43,77,29.5,111,0.712,338,0.467,593,0.393,0.545,0.558,14.2,2.6,2.1,0.97,0.23,1.34,5.8,109.1,107.6,
De'Aaron Fox,Kings,G,24.29,59,35.3,348,0.75,843,0.524,249,0.297,0.506,0.549,23.2,3.9,5.6,1.15,0.42,2.85,9,107.5,110.7,
Tim Frazier,Magic,G,31.42,10,20,9,0.556,26,0.269,17,0.353,0.372,0.394,3.7,1.9,3.3,0.3,0.1,1.3,5.7,89.1,106.1,
Tim Frazier,Cavs,G,31.42,2,4.1,0,0,2,0.5,0,0,0.5,0.5,1,0,0.5,0,0,1,0,57.2,77.5,
Enes Freedom,Celtics,C,29.87,35,11.8,28,0.857,92,0.533,5,0.4,0.536,0.585,3.7,4.6,0.2,0.14,0.4,0.57,5.1,122.2,97.4,
Markelle Fultz,Magic,G,23.85,15,18.9,31,0.806,127,0.472,13,0.308,0.471,0.511,10.5,2.7,4.8,1.13,0.33,2,10.9,102.1,108.7,
Wenyen Gabriel,Clippers,F,25.03,6,7.7,4,0.5,8,0.375,5,0.4,0.462,0.474,2.3,2.3,0.3,0.17,0.33,0.5,6.1,98,86.9,70
Wenyen Gabriel,Lakers,F,25.03,15,14.8,25,0.64,51,0.569,21,0.238,0.507,0.536,5.9,4.1,0.5,0.27,0.33,0.6,6.2,114.7,95.6,70
Daniel Gafford,Wizards,F-C,23.51,68,19.9,135,0.704,379,0.691,1,0,0.689,0.704,9.1,5.7,0.9,0.41,1.38,0.94,7.2,134.8,104.3,
Danilo Gallinari,Hawks,F,33.65,63,25,154,0.903,282,0.479,273,0.37,0.516,0.572,11.3,4.6,1.6,0.43,0.17,0.54,7,119.3,111.9,
Langston Galloway,Nets,G,30.32,4,14.6,0,0,5,0.6,8,0.25,0.462,0.462,3,2,1.3,0,0,1.25,5.4,80.3,110.2,70
Langston Galloway,Bucks,G,30.32,3,16.2,0,0,5,0.2,8,0,0.077,0.077,0.7,3.3,2.3,0.33,0,0.33,4.3,56.4,110.7,70
Darius Garland,Cavs,G,22.19,65,35.8,232,0.897,681,0.512,437,0.38,0.535,0.575,21.6,3.3,8.6,1.31,0.11,3.77,9.5,111.9,108.7,
Marcus Garrett,Heat,G,23.4,12,10.7,5,0.4,17,0.235,4,0.25,0.262,0.28,1.1,1.9,0.6,0.42,0.25,0.17,4,89.9,98.4,
Usman Garuba,Rockets,F,20.07,21,9.5,7,0.714,21,0.571,17,0.235,0.474,0.499,2,3.2,0.6,0.38,0.43,0.29,6.6,114.4,105,
Luka Garza,Pistons,C,23.27,31,11.6,55,0.655,87,0.506,42,0.333,0.504,0.542,5.4,2.9,0.5,0.29,0.16,0.55,6.8,114.7,102.8,
Rudy Gay,Jazz,F-G,35.63,52,18.9,76,0.789,166,0.482,195,0.349,0.504,0.537,8.2,4.4,1,0.48,0.29,0.87,7,110.4,103.2,
Paul George,Clippers,F,31.92,29,35,135,0.867,369,0.469,242,0.343,0.487,0.531,24.6,6.8,5.5,2.14,0.38,4.14,11.1,98.7,103.9,88
Taj Gibson,Knicks,F,36.78,49,18.1,48,0.792,119,0.555,36,0.389,0.561,0.602,4.3,4.4,0.6,0.39,0.76,0.49,5,127.8,97.9,
Josh Giddey,Thunder,G,19.48,54,31.5,79,0.709,457,0.492,213,0.263,0.461,0.478,12.5,7.8,6.4,0.94,0.37,3.17,10.9,97.9,108.8,81
Shai Gilgeous-Alexander,Thunder,G-F,23.73,56,34.7,405,0.81,755,0.514,297,0.3,0.496,0.557,24.5,5,5.9,1.29,0.8,2.75,10.3,111.3,107.9,88
Anthony Gill,Wizards,F,29.46,41,10.1,50,0.8,70,0.6,24,0.542,0.654,0.703,4,1.8,0.6,0.1,0.27,0.34,6.5,138.3,105.4,
Freddie Gillespie,Magic,F,20,9,13.2,7,0.429,21,0.429,1,0,0.409,0.419,2.3,4,0.6,0.33,1,0.56,5.4,97.9,98.1,
Rudy Gobert,Jazz,C,29.77,62,32.2,394,0.693,474,0.715,4,0,0.709,0.73,15.3,14.7,1.1,0.69,2.13,1.77,7.8,138.5,100.2,
Brandon Goodwin,Cavs,G,26.51,34,14.5,38,0.632,97,0.464,55,0.345,0.484,0.507,5,2,2.6,0.74,0.03,1.03,8.2,105.3,104,
Aaron Gordon,Nuggets,F,26.55,73,31.6,221,0.742,555,0.604,252,0.333,0.571,0.601,14.9,5.8,2.5,0.59,0.58,1.73,7.6,115.8,109.7,80
Eric Gordon,Rockets,G,33.27,57,29.3,135,0.778,263,0.548,301,0.412,0.585,0.614,13.4,2,2.7,0.49,0.32,1.88,5.7,111.3,119.3,
Devonte' Graham,Pelicans,G,27.11,73,28.8,133,0.842,248,0.403,549,0.341,0.477,0.51,12,2.4,4.2,0.89,0.16,1.38,6.9,108.7,113.2,75
Jerami Grant,Pistons,F,28.06,47,31.9,259,0.838,445,0.465,254,0.358,0.491,0.556,19.2,4.1,2.4,0.94,1.04,1.81,7.2,108.9,110.9,
HasSpursi Gravett,Magic,G,25.72,8,21.4,4,0.75,12,0.583,26,0.423,0.618,0.629,6.3,2.6,2.5,0.63,0.13,1.13,6.4,112.9,108.8,
Danny Green,76ers,G,34.78,58,21.5,12,0.833,45,0.489,248,0.371,0.546,0.553,5.7,2.4,0.9,0.9,0.59,0.69,4.3,104.6,106.3,73
Draymond Green,Warriors,F,32.09,43,29,89,0.652,184,0.582,52,0.288,0.549,0.576,7.4,7.4,7,1.35,1.09,3.05,10,108.8,97.2,83
Javonte Green,Bulls,G-F,28.7,61,23.3,94,0.83,208,0.625,94,0.362,0.599,0.641,7.2,4.2,0.9,0.95,0.49,0.48,5.2,133.4,106.7,
Jalen Green,Rockets,G,20.15,64,31.6,218,0.803,461,0.495,434,0.343,0.504,0.544,16.8,3.3,2.6,0.64,0.27,2,6.6,104.2,116.9,
JaMychal Green,Nuggets,F-C,31.79,64,16.1,89,0.876,193,0.617,122,0.27,0.535,0.586,6.5,4.1,0.9,0.63,0.39,0.86,7.2,114.7,97.6,
Jeff Green,Nuggets,F,35.6,73,24.6,192,0.833,351,0.615,167,0.317,0.57,0.623,10.3,3.1,1.3,0.4,0.36,0.93,5.6,119.2,108.5,
Josh Green,Mavericks,G,21.38,64,15.4,43,0.698,173,0.561,71,0.352,0.551,0.569,4.7,2.3,1.2,0.66,0.22,0.66,6.1,113.7,100.6,
Blake Griffin,Nets,F,33.05,56,17.1,76,0.724,168,0.565,145,0.262,0.486,0.518,6.4,4.1,1.9,0.48,0.25,0.55,8.6,115.6,105.3,76
Quentin Grimes,Knicks,G,21.9,46,17.1,19,0.684,46,0.5,189,0.381,0.557,0.565,6,2,1,0.67,0.24,0.61,5.4,111.9,105,
Kyle Guy,Heat,G,24.65,19,9.8,12,0.667,25,0.48,40,0.35,0.508,0.526,3.9,0.9,0.9,0.37,0.05,0.68,6,99.4,106.8,
Rui Hachimura,Wizards,F,24.15,38,21.4,52,0.75,216,0.509,105,0.457,0.567,0.586,10.6,3.7,1.1,0.58,0.21,0.82,6.6,111.5,111.4,
Tyrese Haliburton,Kings,G,22.09,51,34.4,104,0.837,334,0.491,252,0.413,0.546,0.575,14.3,3.9,7.4,1.69,0.67,2.25,8.7,116.8,114.4,
Tyrese Haliburton,Pacers,G,22.09,23,35.8,75,0.84,158,0.563,127,0.409,0.586,0.624,17.3,4.3,9.8,1.87,0.61,3.17,10.1,123.2,113.3,
R.J. Hampton,Magic,G,21.15,61,21.4,113,0.628,246,0.402,171,0.345,0.45,0.478,7.3,2.9,2.3,0.67,0.21,1.33,6.8,93.6,108.9,
Tim Hardaway Jr.,Mavericks,G-F,30.05,42,29.6,103,0.757,226,0.473,304,0.336,0.491,0.52,14.2,3.7,2.2,0.9,0.14,0.81,6.6,106.7,106.7,
James Harden,Nets,G,32.61,44,37,350,0.869,399,0.476,307,0.332,0.486,0.576,22.5,8,10.2,1.27,0.7,4.82,13.2,111.8,108.3,92
James Harden,76ers,G,32.61,18,37.5,172,0.89,127,0.472,121,0.339,0.49,0.612,22,7.7,9.8,1.33,0.28,3.33,12.6,123.3,105.6,92
Maurice Harkless,Kings,F-G,28.9,47,18.4,28,0.714,80,0.65,101,0.307,0.544,0.561,4.6,2.4,0.5,0.62,0.51,0.66,3.8,101.3,109.4,
Jared Harper,Pelicans,G,24.55,2,5.3,0,0,5,0.4,2,0.5,0.5,0.5,3.5,0.5,1.5,0,0.5,0.5,10.4,110.1,100.4,67
Montrezl Harrell,Wizards,F-C,28.19,46,24.3,205,0.727,368,0.66,15,0.267,0.65,0.684,14.1,6.7,2.1,0.39,0.67,1.09,9.6,135.3,108.3,
Montrezl Harrell,Hornets,F-C,28.19,22,20.9,88,0.693,151,0.623,2,0,0.614,0.649,11.3,5,2,0.41,0.41,0.77,9.3,135.3,108.4,
Gary Harris,Magic,G,27.55,61,28.4,95,0.874,251,0.494,302,0.384,0.539,0.571,11.1,2,1.8,0.97,0.15,1,4.8,110.5,111.8,
Joe Harris,Nets,G-F,30.58,14,30.2,6,0.833,36,0.417,88,0.466,0.617,0.624,11.3,4,1,0.5,0.14,1.14,4.7,112,110.6,76
Shaquille Harrison,Nets,G,28.49,2,11.3,0,0,4,0.5,2,0,0.333,0.333,2,2,1.5,0.5,0.5,1,6.4,75.7,101.9,70
Tobias Harris,76ers,F,29.72,69,35,199,0.839,719,0.53,261,0.356,0.531,0.566,17.5,6.9,3.5,0.58,0.61,1.57,8.6,113.2,107.4,83
Isaiah Hartenstein,Clippers,C-F,23.92,65,17.6,125,0.672,323,0.65,22,0.409,0.648,0.664,8.2,4.8,2.2,0.77,1.12,1.25,10.1,126.5,96.6,75
Josh Hart,Pelicans,G,27.08,41,33.5,154,0.753,256,0.598,130,0.323,0.56,0.604,13.4,7.8,4.1,1.1,0.27,1.98,9,117.9,105,80
Josh Hart,Trail Blazers,G,27.08,13,32.1,57,0.772,100,0.61,83,0.373,0.587,0.622,19.9,5.4,4.3,1.23,0.15,2.54,9.6,116.7,111.5,80
Udonis Haslem,Heat,F,41.82,12,5.2,3,1,23,0.522,3,0.333,0.519,0.549,2.5,1.6,0.3,0.08,0.08,0.33,8.2,104.4,90.1,
Sam Hauser,Celtics,F,24.32,23,5.5,0,0,4,0.5,36,0.417,0.613,0.613,2.1,1,0.3,0.04,0.09,0.09,6.2,126.5,106.3,
Jaxson Hayes,Pelicans,C-F,21.86,66,19.7,177,0.774,312,0.663,48,0.354,0.646,0.687,9.1,4.4,0.6,0.47,0.82,0.8,5.9,132.6,103.6,76
Killian Hayes,Pistons,G,20.69,63,25.1,68,0.765,278,0.45,156,0.269,0.433,0.461,6.8,3.2,4.3,1.19,0.54,1.75,7.2,96.7,105.4,
Gordon Hayward,Hornets,F,32.03,49,31.9,149,0.846,397,0.496,220,0.391,0.528,0.57,15.9,4.6,3.6,0.96,0.45,1.65,8,113.2,112.7,
Juancho Hernangomez,Celtics,F,26.52,18,5.3,9,0.667,9,0.222,18,0.167,0.241,0.307,1.1,1.4,0.2,0.22,0.11,0.33,5.1,75.2,101.2,
Juancho Hernangomez,Spurs,F,26.52,5,10.1,4,0.75,3,0.667,3,0,0.333,0.451,1.4,3,0.6,0.2,0.2,0.4,5.4,105.9,114.8,
Juancho Hernangomez,Jazz,F,26.52,14,16.9,14,0.429,13,0.692,40,0.425,0.651,0.634,5.4,3.3,0.9,0.5,0.5,0.5,6,124.8,106.5,
Willy Hernangomez,Pelicans,C-F,27.86,45,16.3,123,0.756,274,0.54,11,0.364,0.54,0.591,8.9,6.5,1.2,0.42,0.4,1.04,10.1,122.2,101,75
Tyler Herro,Heat,G,22.2,64,32.6,210,0.862,665,0.475,427,0.393,0.52,0.556,20.6,5,3.9,0.66,0.13,2.63,9.1,106.1,108.2,
Buddy Hield,Kings,G,29.29,55,28.6,92,0.87,198,0.419,495,0.368,0.514,0.54,14.4,4,1.9,0.87,0.27,1.64,6.7,103.2,111.6,
Buddy Hield,Pacers,G,29.29,23,35.8,31,0.871,163,0.546,192,0.365,0.546,0.563,18,5,4.9,0.91,0.39,2.43,8.5,109.7,112,
Haywood Highsmith,Heat,F,25.32,17,7,4,0.5,9,0.222,18,0.389,0.463,0.469,1.6,1.2,0.2,0.12,0.12,0.12,4.2,106,104.5,
George Hill,Bucks,G,35.92,51,23.6,56,0.911,137,0.533,129,0.31,0.5,0.545,6.2,3,2.3,0.78,0.12,0.78,5.9,116.6,110.2,73
Malcolm Hill,Hawks,F,26.44,3,15.3,4,1,3,0.667,5,0.6,0.813,0.871,5.7,2,0.3,1.33,0.33,0,3.9,183.6,99.1,
Malcolm Hill,Bulls,F,26.44,14,10.8,10,0.7,12,0.667,29,0.345,0.561,0.584,3.8,1.9,0.3,0.14,0.14,0.14,4.8,124.3,107.5,
Solomon Hill,Hawks,F,31.05,13,10.7,0,0,7,0.143,13,0.154,0.2,0.2,0.6,1.8,0.9,0.31,0.15,0.08,3.7,87.7,105.9,
Jaylen Hoard,Thunder,F,23.01,3,21.9,4,0.5,9,0.556,4,0.25,0.5,0.508,5,8.7,1.3,0,0.67,0.67,7,120.1,109.1,69
Aaron Holiday,Wizards,G,25.51,41,16.2,35,0.8,147,0.524,67,0.343,0.521,0.547,6.1,1.6,1.9,0.59,0.22,0.95,6.5,104.8,108.8,
Aaron Holiday,Suns,G,25.51,18,16.4,23,0.957,70,0.443,24,0.542,0.537,0.591,6.8,2.4,3.5,0.89,0,1.22,9.4,119,103.6,
Jrue Holiday,Bucks,G,31.81,63,33.4,172,0.767,607,0.545,305,0.416,0.572,0.595,18.7,4.5,6.8,1.65,0.43,2.78,9.9,117.4,108.5,85
Justin Holiday,Pacers,F-G,33,49,28.9,41,0.829,122,0.516,336,0.378,0.553,0.568,11,2.8,1.8,0.73,0.37,1,5.3,111.4,113.4,
Justin Holiday,Kings,F-G,33,22,26.1,21,0.762,51,0.373,133,0.308,0.438,0.458,8,2.3,1.4,0.73,0.68,0.91,4.5,93.3,112.7,
Richaun Holmes,Kings,F,28.47,45,23.9,90,0.778,295,0.664,5,0.4,0.663,0.689,10.4,7,1.1,0.38,0.93,1.24,7.2,128.2,104.7,
Rodney Hood,Bucks,G-F,29.45,39,14.9,14,0.929,51,0.431,80,0.3,0.443,0.47,3.3,1.7,0.8,0.31,0.1,0.18,4.4,107.1,112,70
Rodney Hood,Clippers,G-F,29.45,11,9.5,3,0.667,15,0.4,9,0.444,0.5,0.513,2.4,0.6,0.5,0.27,0.18,0.36,3.8,99.4,115.7,70
Al Horford,Celtics,C-F,35.84,67,29.1,95,0.842,293,0.573,261,0.326,0.533,0.563,10,7.7,3.4,0.7,1.34,0.94,8.8,122.8,101.6,
Talen Horton-Tucker,Lakers,G,21.35,56,25.1,103,0.777,314,0.494,167,0.269,0.463,0.499,9.4,3.2,2.6,0.91,0.5,1.41,6.8,100.3,107.3,74
Danuel House Jr.,Rockets,F-G,28.83,16,14.5,19,0.895,40,0.375,34,0.294,0.405,0.467,4.8,2.7,1.2,0.31,0.31,1.13,6.9,89.1,112.6,
Danuel House Jr.,Jazz,F-G,28.83,21,18.3,26,0.692,32,0.5,62,0.435,0.601,0.621,6.2,2.6,1.1,0.52,0.43,0.38,5.7,129.5,107.2,
Dwight Howard,Lakers,C-F,36.32,57,15.8,128,0.641,188,0.606,11,0.636,0.626,0.648,5.8,5.8,0.5,0.56,0.6,0.77,6.5,128,100.5,78
Markus Howard,Nuggets,G,23.09,29,5.1,15,0.867,22,0.227,60,0.433,0.537,0.57,3.5,0.3,0.2,0.28,0,0.21,4.7,106.8,108.1,
Kevin Huerter,Hawks,G-F,23.6,70,29.6,50,0.8,332,0.527,387,0.388,0.556,0.567,12,3.4,2.7,0.71,0.36,1.26,6.5,110.7,110.2,
Jay Huff,Lakers,C,24.61,4,5.1,0,0,1,0,2,0,0,0,0,1,0.3,0.25,0.25,0.25,0,34.3,110.8,67
Elijah Hughes,Jazz,G,24.07,14,8,3,1,8,0.625,28,0.357,0.556,0.576,3.1,1.2,0.4,0.29,0.07,0.5,5.7,104.8,107.4,
Elijah Hughes,Trail Blazers,G,24.07,18,14.2,4,0.5,32,0.406,52,0.231,0.369,0.373,3.6,1.8,0.7,0.44,0.28,0.33,4.7,82,109.4,
De'Andre Hunter,Hawks,F-G,24.34,49,29.7,154,0.76,342,0.488,183,0.372,0.512,0.553,13.4,3.3,1.3,0.71,0.39,1.27,5.2,106.7,108.9,
Bones Hyland,Nuggets,G,21.55,66,18.9,120,0.85,202,0.455,339,0.366,0.514,0.554,10,2.8,2.6,0.61,0.26,1.26,8.8,108.1,102.5,
Serge Ibaka,Clippers,F,32.54,35,15.4,29,0.69,130,0.538,62,0.387,0.552,0.567,6.6,4.3,1,0.2,0.74,0.94,7.9,108.9,101.9,77
Serge Ibaka,Bucks,F,32.54,18,18.2,15,0.8,63,0.587,36,0.361,0.571,0.592,6.9,5.3,0.7,0.22,0.39,0.56,6.5,120.3,99.6,77
Andre Iguodala,Warriors,G-F,38.18,29,19.5,18,0.778,42,0.643,69,0.232,0.459,0.488,4,3.3,3.7,0.83,0.76,0.9,7.5,115.6,105,77
Joe Ingles,Jazz,F-G,34.51,45,24.9,22,0.773,60,0.617,225,0.347,0.54,0.551,7.2,2.9,3.5,0.51,0.11,1.02,6.7,117,107.9,
Brandon Ingram,Pelicans,F,24.59,54,34,314,0.828,745,0.503,223,0.327,0.501,0.556,22.8,5.8,5.5,0.63,0.46,2.76,10.6,111,109.6,85
Kyrie Irving,Nets,G,30.03,25,37.2,113,0.912,326,0.494,198,0.424,0.548,0.59,27.1,4.1,5.6,1.32,0.64,2.44,9.2,116.4,110,92
Wes Iwundu,Hawks,F,27.29,3,27.4,4,0.75,13,0.385,5,0.6,0.528,0.557,7.3,4.3,0,0.33,0,0.33,0,115.1,108.9,
Jaren Jackson Jr.,Grizzlies,F-C,22.55,75,27.2,326,0.819,611,0.48,385,0.319,0.479,0.536,16.3,5.8,1.1,0.93,2.27,1.68,6.9,108.5,98.9,84
Frank Jackson,Pistons,G,23.92,50,22.2,98,0.816,194,0.531,267,0.315,0.497,0.534,10.8,1.6,1,0.52,0.18,0.74,4.7,106,112.2,
Isaiah Jackson,Pacers,F,20.23,33,13.7,77,0.649,167,0.587,13,0.308,0.578,0.603,7.8,4.1,0.3,0.55,1.36,1.06,6.2,113.2,98.3,
Josh Jackson,Pistons,G-F,25.15,39,18.1,56,0.714,138,0.529,113,0.265,0.47,0.501,7.1,3.2,1.3,0.54,0.46,0.97,6.8,97.6,106.3,
Josh Jackson,Kings,G-F,25.15,9,7.7,14,0.571,15,0.467,9,0.111,0.354,0.414,2.8,1,0.3,0.33,0.44,0.44,4.9,83.7,100.1,
Justin Jackson,Suns,F,27.02,6,5.8,0,0,5,0.4,9,0.333,0.464,0.464,2.2,1.2,0.3,0,0,0.17,6.4,96.4,103.3,
Reggie Jackson,Clippers,G,31.97,73,31.3,163,0.847,698,0.437,504,0.329,0.461,0.489,17.1,3.6,4.9,0.74,0.19,2.29,8.6,99.1,108.8,77
LeBron James,Lakers,F,37.26,56,37.2,336,0.756,773,0.62,448,0.359,0.59,0.619,30.3,8.2,6.2,1.3,1.05,3.5,12.4,116.7,109.5,96
Ty Jerome,Thunder,G-F,24.74,48,16.7,47,0.809,142,0.493,186,0.29,0.46,0.488,7.1,1.6,2.3,0.63,0.1,0.77,7.1,103.4,107.5,73
Isaiah Joe,76ers,G,22.76,53,10.8,29,0.931,39,0.41,126,0.333,0.479,0.52,3.5,1,0.6,0.23,0.06,0.3,4.7,104.7,108.1,69
Alize Johnson,Bulls,F,25.95,16,7.5,7,0.571,21,0.571,2,0,0.522,0.537,1.8,2.3,0.5,0.19,0,0.5,6.8,112.7,102.6,72
Alize Johnson,Wizards,F,25.95,3,6.1,1,0,4,0.5,2,0,0.333,0.311,1.3,4,0,0,0,1,0,74,112.5,72
Alize Johnson,Pelicans,F,25.95,4,7.1,4,0.75,10,0.3,0,0,0.3,0.383,2.3,3.3,0.3,0.5,0,0.25,7.4,106.4,99.9,72
BJ Johnson,Magic,F,26.29,4,16.2,0,0,15,0.467,10,0.4,0.52,0.52,6.5,3.8,0,0,0.25,0,0,113.3,111.6,
Cameron Johnson,Suns,F,26.09,62,26.3,108,0.87,200,0.52,369,0.436,0.607,0.637,12.7,4.1,1.5,0.84,0.23,0.69,6.5,124.4,104.9,
James Johnson,Nets,F,35.12,62,19.2,55,0.527,221,0.548,85,0.271,0.508,0.515,5.5,3.5,2.1,0.48,0.55,0.77,7.2,109.6,102.5,74
Jalen Johnson,Hawks,F,20.29,19,5.9,7,0.714,27,0.704,12,0.25,0.603,0.618,2.7,1.3,0.2,0.16,0.11,0.47,6,100.7,107.4,
Keldon Johnson,Spurs,F-G,22.48,72,31.8,217,0.756,582,0.505,380,0.405,0.546,0.574,16.9,6.1,2,0.74,0.18,1.25,7.4,113.5,109.9,
Keon Johnson,Clippers,G,20.07,15,9,21,0.762,40,0.35,11,0.273,0.363,0.44,3.5,1.4,0.9,0.47,0.13,0.47,7.3,95.7,97,72
Keon Johnson,Trail Blazers,G,20.07,18,23.9,22,0.818,103,0.369,68,0.382,0.45,0.476,9.6,2.8,1.9,0.83,0.39,1.5,6.2,95.6,112.8,
Stanley Johnson,Lakers,F-G,25.85,44,22,54,0.741,125,0.576,90,0.333,0.544,0.574,6.2,3,1.7,0.91,0.32,0.55,5.7,119.7,106.5,74
Tyler Johnson,76ers,G,29.91,3,12.7,0,0,3,0.333,7,0.429,0.55,0.55,3.7,2,0.7,0.33,0.33,0.33,5.4,109.1,103.2,70
Tyler Johnson,Spurs,G,29.91,3,17.7,0,0,4,0,6,0.333,0.3,0.3,2,2,1.7,0.67,0.67,0.33,4.3,88.8,111.8,70
Nikola Jokic,Nuggets,C,27.12,72,33.3,460,0.811,972,0.653,280,0.339,0.621,0.663,26.8,13.7,8,1.43,0.88,3.82,17.2,126.5,101.2,96
Derrick Jones Jr.,Bulls,F,25.13,47,17.2,62,0.79,124,0.637,50,0.32,0.592,0.633,5.4,3.3,0.5,0.47,0.66,0.53,4.8,127,103.8,
Carlik Jones,Mavericks,G,24.28,3,6.4,2,1,6,0,1,0,0,0.127,0.7,1,1.7,0.33,0,1,6.6,51.8,112.4,
Damian Jones,Kings,C,26.76,53,17.5,114,0.728,215,0.684,25,0.32,0.663,0.691,7.6,4.4,1.2,0.42,0.83,1,7.8,128.3,103.9,
Herbert Jones,Pelicans,F,23.49,75,30.1,158,0.835,398,0.533,162,0.34,0.526,0.573,9.6,3.8,2.2,1.65,0.77,1.32,5.7,113.7,104.5,78
Mason Jones,Lakers,G,23.7,2,4.4,2,0.5,6,0.333,2,0,0.25,0.282,2.5,1,0,0.5,0,0.5,0,60.3,101,73
Tre Jones,Spurs,G,22.24,65,15.9,74,0.797,253,0.549,43,0.163,0.505,0.545,5.5,2.2,3.1,0.57,0.09,0.63,8.4,120.2,109.7,
Tyus Jones,Grizzlies,G,25.9,70,21,66,0.818,327,0.495,197,0.381,0.524,0.545,8.6,2.4,4.4,0.91,0.03,0.61,8.6,125.4,111.6,80
DeAndre Jordan,Lakers,C,33.7,32,12.8,26,0.462,89,0.674,0,0,0.674,0.657,4.1,5.4,0.4,0.31,0.81,0.66,6.5,125.1,99.8,73
DeAndre Jordan,76ers,C,33.7,14,13,12,0.833,45,0.556,0,0,0.556,0.597,4.3,5.4,0.4,0.14,0.57,1.07,6.5,113.3,102,73
Cory Joseph,Pistons,G,30.62,65,24.6,113,0.885,243,0.465,157,0.414,0.526,0.579,8,2.7,3.6,0.65,0.26,1.31,6.9,115.1,109.3,
Georgios Kalaitzakis,Bucks,F,23.25,9,5.3,9,0.444,7,0.429,4,0.5,0.545,0.535,1.8,0.9,0,0.11,0.11,0.44,0,94,99,68
Frank Kaminsky,Suns,F-C,29,9,20.1,20,0.9,51,0.608,15,0.333,0.583,0.635,10.6,4.6,1.4,0.89,0.78,0.56,8.1,130.9,101.8,
Luke Kennard,Clippers,G,25.78,68,27.5,75,0.893,205,0.449,409,0.45,0.599,0.621,11.8,3.3,2.1,0.57,0.09,0.82,6.3,119.7,110.4,77
Braxton Key,Pistons,F,25.13,6,21.7,5,0.4,39,0.41,12,0.333,0.431,0.432,7.7,5.8,0.7,1.17,1.33,0.83,5.8,90.6,97.2,
George King,Mavericks,F-G,28.22,4,4.8,2,0.5,1,0,4,0,0,0.085,0.3,1.3,0,0,0,0.25,0,16.6,87.7,
Louis King,Kings,F,23,10,10.4,10,0.7,20,0.35,27,0.296,0.404,0.438,4.5,1.2,0.9,0.2,0.1,0,6.5,99.9,105.4,
Corey Kispert,Wizards,F,23.09,73,23.1,60,0.867,182,0.621,294,0.344,0.556,0.578,8,2.6,1.1,0.44,0.3,0.64,4.9,113.7,114.3,
Maxi Kleber,Mavericks,F,30.18,59,24.6,65,0.708,99,0.586,255,0.325,0.516,0.537,7,5.9,1.2,0.51,0.98,0.8,6,109.9,101.1,
Brandon Knight,Mavericks,G,30.34,5,12.9,8,1,8,0.75,17,0.235,0.48,0.561,6.4,1.6,1.6,0.2,0,0.8,7.9,110.2,105.4,
Nathan Knight,Timberwolves,F-C,24.54,36,7,57,0.737,66,0.53,10,0.3,0.52,0.599,3.4,2.1,0.5,0.19,0.22,0.47,8.7,121.6,98.5,
Kevin Knox II,Knicks,F,22.65,13,8.5,10,0.7,12,0.417,28,0.357,0.5,0.529,3.6,1.7,0.2,0.15,0.08,0.38,5,107.3,110.6,
Kevin Knox II,Hawks,F,22.65,15,7.2,10,0.8,19,0.579,23,0.217,0.44,0.485,3,1.3,0.5,0.13,0.07,0.13,6.9,108.6,105.5,
John Konchar,Grizzlies,G,26.03,68,17.8,44,0.568,126,0.603,118,0.415,0.613,0.615,4.8,4.5,1.4,0.65,0.31,0.38,7,132.4,104.6,75
Furkan Korkmaz,76ers,G-F,24.7,64,21.5,80,0.8,200,0.52,259,0.293,0.475,0.506,7.8,2.7,1.9,0.52,0.13,0.73,6.4,104,111,73
Luke Kornet,Cavs,F-C,26.72,2,7.5,3,0.667,4,0.25,1,0,0.2,0.316,2,1.5,0.5,0,0.5,0,6.1,96.8,109,
Luke Kornet,Celtics,F-C,26.72,9,5.5,1,0,11,0.636,2,0,0.538,0.521,1.6,1.6,0.3,0.22,0.11,0,6.7,129.8,102.4,
Vit Krejci,Thunder,G,21.79,26,21.2,20,0.85,46,0.478,78,0.359,0.516,0.546,5.6,3.1,1.8,0.54,0.23,0.88,5.9,108,106.5,70
Jonathan Kuminga,Warriors,F,19.49,67,16.8,182,0.676,295,0.597,143,0.315,0.556,0.589,9.1,3.3,0.9,0.42,0.31,1.06,7.1,110.2,98.4,79
Kyle Kuzma,Wizards,F,26.7,66,33.4,219,0.712,561,0.526,375,0.341,0.52,0.547,17.1,8.5,3.5,0.64,0.86,2.55,9.6,103.3,109.5,
Jeremy Lamb,Pacers,G-F,29.84,39,15.7,80,0.838,111,0.414,117,0.333,0.458,0.524,7.1,2.4,1.3,0.59,0.36,0.62,7.2,110.4,111.6,
Jeremy Lamb,Kings,G-F,29.84,14,18.4,22,0.818,57,0.474,42,0.286,0.455,0.497,7.7,3.6,1.5,0.36,0.5,0.57,7.5,106.5,114.2,
Jock Landale,Spurs,C,26.44,52,10.7,37,0.838,110,0.645,83,0.337,0.585,0.614,4.9,2.4,0.8,0.19,0.27,0.6,7.9,121.4,108,
Romeo Langford,Celtics,G-F,22.44,44,16.6,34,0.588,101,0.495,83,0.349,0.508,0.52,4.7,2.4,0.4,0.48,0.36,0.36,4,108.1,105.2,
Romeo Langford,Spurs,G-F,22.44,2,10.6,4,0.25,3,1,2,0,0.6,0.518,3.5,1,0.5,0,0,0,4.5,107.2,119.7,
Zach LaVine,Bulls,G-F,27.07,65,34.9,369,0.851,696,0.533,466,0.393,0.556,0.606,24.7,4.7,4.5,0.63,0.34,2.58,9.2,114.9,112.3,
Jake Layman,Timberwolves,F,28.08,33,6.5,14,0.714,36,0.556,34,0.206,0.436,0.466,2.2,1,0.3,0.18,0.15,0.3,5.4,92.9,111,
Damion Lee,Warriors,G-F,29.45,60,20.1,71,0.873,185,0.546,184,0.337,0.526,0.562,7.5,3.2,1,0.62,0.1,0.62,5.7,111.2,103.3,74
Saben Lee,Pistons,G,22.78,35,15.8,58,0.793,107,0.458,59,0.237,0.422,0.486,5.3,2.3,2.7,0.94,0.31,0.8,8.1,107.1,108.8,
Alex Len,Kings,C,28.8,39,15.9,63,0.651,155,0.568,21,0.286,0.551,0.577,6,4.1,1.2,0.33,0.64,1.1,7.8,110.2,100.8,
Caris LeVert,Pacers,G,27.61,39,31.1,146,0.76,433,0.501,189,0.323,0.496,0.53,18.7,3.8,4.4,0.9,0.46,1.92,8.7,108.9,112.7,
Caris LeVert,Cavs,G,27.61,16,29.6,33,0.727,147,0.469,60,0.35,0.486,0.508,14.1,3.5,3.8,0.88,0.25,1.75,7.7,103.4,106.8,
Kira Lewis Jr.,Pelicans,G,21,24,14.2,12,0.833,88,0.523,58,0.224,0.449,0.466,5.9,1.6,2,0.46,0.04,1.08,7.5,95.4,111.9,72
Damian Lillard,Trail Blazers,G,31.72,29,36.4,181,0.878,268,0.485,284,0.324,0.486,0.55,24,4.1,7.3,0.59,0.38,2.86,9.8,112.8,119,
Nassir Little,Trail Blazers,F-G,22.14,42,25.9,94,0.734,161,0.584,154,0.331,0.541,0.575,9.8,5.6,1.3,0.6,0.86,0.95,6.4,115.7,112.2,
Isaiah Livers,Pistons,F,23.69,16,19.7,10,0.8,20,0.5,58,0.414,0.59,0.607,6.3,3.1,1.3,0.63,0.44,0.81,6,115.4,107.1,
Kevon Looney,Warriors,F,26.16,79,21.4,125,0.6,352,0.571,1,0,0.569,0.585,6,7.3,2,0.61,0.66,0.84,8.3,129.5,95.5,77
Brook Lopez,Bucks,C,34.01,10,22.4,14,0.786,49,0.49,41,0.341,0.5,0.525,10.1,3.5,0.6,0.6,1,1,4.9,104.7,101.9,78
Robin Lopez,Magic,C,34.01,33,17,49,0.571,180,0.567,5,0.4,0.568,0.576,7.2,3.5,1.5,0.06,0.55,1.3,7.9,110.2,107.5,
Didi Louzada,Trail Blazers,G,20,3,13.9,0,0,3,0.333,8,0.375,0.5,0.5,3.7,1.3,0.7,0.33,0.33,0.33,4.3,107.3,112.9,
Kevin Love,Cavs,F-C,33.57,71,22.6,190,0.842,272,0.489,453,0.384,0.543,0.586,13.4,7.1,2.2,0.35,0.24,1.32,10.5,115.8,102.8,
Kyle Lowry,Heat,G,36.03,62,33.9,173,0.855,238,0.534,379,0.375,0.551,0.597,13.4,4.5,7.6,1.05,0.27,2.66,9.1,118,103.7,
Timothe Luwawu-Cabarrot,Hawks,G-F,26.9,49,13.1,40,0.875,62,0.452,116,0.371,0.52,0.562,4.5,1.6,0.8,0.37,0.12,0.39,5.5,114.2,107.1,
Trey Lyles,Pistons,F,26.41,51,19.4,176,0.784,238,0.55,146,0.301,0.513,0.576,10.4,4.8,1.1,0.43,0.51,1.06,7.8,113.8,106.7,
Trey Lyles,Kings,F,26.41,21,23.3,60,0.867,95,0.547,58,0.379,0.556,0.619,10.6,5.6,1.4,0.24,0.29,0.76,7.5,126.2,112.4,
Theo Maledon,Thunder,G,20.81,51,17.8,100,0.79,167,0.449,150,0.293,0.445,0.5,7.1,2.6,2.2,0.61,0.22,1.27,7.7,99,108.1,74
Sandro Mamukelashvili,Bucks,F-C,22.87,38,9.3,16,0.75,49,0.531,45,0.422,0.58,0.599,3.2,1.8,0.5,0.18,0.24,0.29,6.1,126.6,109,71
Terance Mann,Clippers,G-F,25.46,78,28.9,159,0.78,468,0.538,202,0.361,0.54,0.572,10.9,5.3,2.6,0.71,0.23,1.04,7.4,117.7,106.5,76
Tre Mann,Thunder,G,21.16,60,22.8,82,0.793,316,0.421,272,0.36,0.476,0.501,10.4,2.9,1.5,0.78,0.2,1.18,6.3,97.4,108.5,77
Boban Marjanovic,Mavericks,C,33.63,20,5.4,20,0.55,58,0.621,3,0.333,0.615,0.616,4.3,1.6,0.1,0,0.15,0.55,6.5,103.1,91.4,
Lauri Markkanen,Cavs,F-C,24.87,58,31,150,0.86,306,0.546,356,0.348,0.533,0.573,14.4,5.7,1.4,0.78,0.48,0.9,6.3,115.6,105,
Naji Marshall,Pelicans,F,24.19,51,13,85,0.788,146,0.534,99,0.212,0.447,0.506,5.6,2.6,1,0.61,0.14,0.75,7.5,104.4,104.5,74
Kenyon Martin Jr.,Rockets,F,21.24,76,21,120,0.633,346,0.613,156,0.372,0.596,0.607,8.9,3.8,1.3,0.45,0.51,0.79,6.7,119.2,113.9,
Caleb Martin,Heat,F,26.52,58,22.8,90,0.767,247,0.571,148,0.405,0.585,0.611,9.2,3.8,1.1,0.98,0.52,0.81,5.9,120.2,103.5,
Cody Martin,Hornets,F,26.52,67,26.3,104,0.692,254,0.528,151,0.384,0.546,0.57,7.7,4,2.5,1.22,0.45,0.88,6.5,119.2,110.9,
Kelan Martin,Pacers,F,26.67,27,16.4,13,0.692,94,0.511,74,0.297,0.482,0.492,6.3,2,0.8,0.48,0.33,0.52,5.3,101.7,112.4,
Garrison Mathews,Rockets,G,25.44,62,26.3,169,0.799,73,0.589,371,0.361,0.55,0.601,10,2.8,1,0.9,0.35,0.63,4.6,119.7,111,
Wesley Matthews,Bucks,G,35.47,46,20.2,23,0.739,58,0.5,148,0.331,0.498,0.514,4.8,1.9,0.7,0.48,0.15,0.37,3.7,109.6,108.2,71
Tyrese Maxey,76ers,G,21.41,71,35.5,228,0.86,659,0.505,283,0.417,0.541,0.583,17.1,3.3,4.3,0.72,0.42,1.14,7,119.3,110.1,84
Skylar Mays,Hawks,G,24.58,26,8.3,9,0.889,39,0.615,25,0.32,0.563,0.589,3.1,1,0.7,0.27,0,0.38,6.2,112.8,114.6,
Miles McBride,Knicks,G,21.57,38,9.1,12,0.667,38,0.395,61,0.246,0.379,0.398,2.2,1,1.1,0.34,0.03,0.13,5.9,99.8,100.8,
CJ McCollum,Trail Blazers,G,30.54,36,35.2,68,0.706,376,0.476,289,0.384,0.52,0.532,20.5,4.3,4.5,0.97,0.58,1.94,8.3,107.5,115.5,87
CJ McCollum,Pelicans,G,30.54,22,35.6,91,0.703,285,0.554,157,0.401,0.571,0.59,25.9,4.8,6.1,1.23,0.05,2.32,10.2,117.6,111.4,87
T.J. McConnell,Pacers,G,30.03,24,24.2,15,0.8,156,0.538,25,0.28,0.522,0.536,8.4,3.3,4.8,1.04,0.38,1.17,8.4,117.3,111.7,
Jalen McDaniels,Hornets,F-C,24.17,51,16.1,68,0.721,130,0.546,98,0.357,0.542,0.574,5.8,3,1,0.43,0.35,0.69,6.4,112.2,106.1,
Jaden McDaniels,Timberwolves,F,21.51,67,26.1,70,0.8,294,0.582,246,0.313,0.531,0.551,9.4,4.3,1.1,0.76,0.78,1.09,5.4,107.9,103.4,
Doug McDermott,Spurs,F,30.25,51,24,51,0.784,209,0.512,256,0.422,0.578,0.593,11.3,2.3,1.3,0.27,0.12,0.84,5.4,112.4,112.4,
JaVale McGee,Suns,C-F,34.21,70,15.7,137,0.715,423,0.643,8,0.25,0.638,0.66,9.3,6.6,0.6,0.3,1.1,1.27,8.5,121.6,90.9,
Cameron McGriff,Trail Blazers,F,24.51,3,15.3,2,1,8,0.375,6,0.333,0.429,0.47,4.7,5,1,0,0.33,0,7.5,125.1,104.1,
Rodney McGruder,Pistons,G,30.68,49,14.4,20,0.7,70,0.471,138,0.391,0.548,0.558,4.9,2.1,0.9,0.39,0.12,0.45,5.8,112.8,110.8,
Alfonzo McKinnie,Bulls,F,29.54,17,12.1,8,0.25,34,0.441,27,0.333,0.467,0.457,3.5,1.9,0.3,0.12,0.18,0.41,4.2,95.5,105.2,
Jordan McLaughlin,Timberwolves,G,25.98,59,14.2,37,0.73,111,0.523,80,0.313,0.5,0.526,3.7,1.5,2.9,0.92,0.14,0.58,7.1,121.5,110.3,
Ben McLemore,Trail Blazers,G,29.14,60,19.6,79,0.835,113,0.513,391,0.358,0.532,0.559,10,1.6,0.9,0.53,0.17,0.82,5,107.2,114,
De'Anthony Melton,Grizzlies,G,23.85,69,22.6,108,0.741,307,0.44,349,0.375,0.505,0.528,10.8,4.5,2.6,1.48,0.51,1.52,8.9,107.1,102.7,80
Sam Merrill,Grizzlies,G,25.89,6,9.6,4,0.5,1,1,23,0.304,0.479,0.485,4.2,1.2,0.7,0,0,0.33,6.3,103.5,111,71
Chimezie Metu,Kings,F-C,25.04,57,21.1,87,0.782,249,0.554,179,0.302,0.512,0.543,8.9,5.5,1,0.79,0.53,1.02,6.9,103.6,107.7,
Khris Middleton,Bucks,F,30.64,63,32.5,290,0.89,564,0.489,409,0.374,0.52,0.577,20.1,5.4,5.4,1.1,0.27,2.9,10.3,112.6,106.6,86
Paul Millsap,Nets,F,37.15,24,11.3,17,0.706,58,0.448,27,0.222,0.412,0.443,3.4,3.7,1,0.21,0.46,0.46,8.2,105.9,95.5,73
Paul Millsap,76ers,F,37.15,9,11.7,7,0.714,22,0.5,8,0.25,0.467,0.499,3.7,2.8,0.6,0.56,0.22,0.89,6.3,100.5,93.8,73
Patty Mills,Nets,G,33.64,77,29.1,56,0.821,226,0.425,543,0.398,0.546,0.558,11.5,1.9,2.3,0.62,0.22,0.88,5.1,111.4,115.1,73
Shake Milton,76ers,G-F,25.52,51,21.3,66,0.818,244,0.475,122,0.303,0.469,0.502,7.8,2.6,2.5,0.47,0.31,0.84,7,105.9,106.4,73
Davion Mitchell,Kings,G,23.58,72,27.2,73,0.63,488,0.477,309,0.317,0.477,0.486,11.2,2.2,3.8,0.76,0.31,1.47,6.7,100.1,113.4,
Donovan Mitchell,Jazz,G,25.57,65,33.7,302,0.851,690,0.542,641,0.359,0.54,0.579,26.1,4.1,5.4,1.49,0.18,3.05,9.9,114.6,106.7,
Evan Mobley,Cavs,C,20.8,67,33.9,241,0.664,715,0.538,91,0.253,0.52,0.548,14.9,8.3,2.5,0.81,1.63,1.96,8,108.4,104.5,
Malik Monk,Lakers,G,24.16,72,28,104,0.779,352,0.568,412,0.391,0.578,0.595,13.4,3.3,2.8,0.83,0.36,1.51,7.1,112.6,111.7,78
Greg Monroe,Timberwolves,F-C,31.83,3,21,5,0.4,14,0.643,0,0,0.643,0.617,6.7,7,3.7,0.67,1.33,1.33,10.6,124.6,100.6,72
Greg Monroe,Wizards,F-C,31.83,2,8.8,0,0,8,0.5,0,0,0.5,0.5,4,5,0.5,0.5,0.5,1,9.8,114.5,102.4,72
Greg Monroe,Bucks,F-C,31.83,5,13.9,9,0.556,22,0.5,0,0,0.5,0.52,5.4,4.2,0.4,0.6,0.4,0.6,6,115.8,103.3,72
Greg Monroe,Jazz,F-C,31.83,2,10.8,7,0.571,3,0.667,0,0,0.667,0.658,4,3,1.5,0,0.5,0,9.7,168.9,92,
Moses Moody,Warriors,G,19.84,50,11.7,36,0.778,71,0.549,108,0.352,0.536,0.565,4.4,1.6,0.4,0.14,0.2,0.26,4.8,113.7,106.3,74
Xavier Moon,Clippers,G,27.25,8,13.1,3,0.667,28,0.464,11,0.364,0.487,0.496,5,1.4,2,0.63,0.25,0.38,7.4,109.8,108,67
Ja Morant,Grizzlies,G,22.65,56,33.3,408,0.762,909,0.536,253,0.34,0.53,0.575,27.6,5.7,6.7,1.18,0.38,3.43,12.2,115.3,108.8,93
Juwan Morgan,Raptors,F,24.97,1,27.4,0,0,1,1,2,0.5,0.833,0.833,5,4,1,0,0,0,4,184,106.4,70
Marcus Morris Sr.,Clippers,F,32.59,52,29.1,145,0.869,410,0.478,261,0.375,0.511,0.553,15.6,4.5,2.1,0.54,0.33,1.27,7.3,108.4,107.4,79
Jaylen Morris,Spurs,G,26.54,3,5.3,4,0.5,4,0,2,0,0,0.129,0.7,0.7,0.7,0,0,0.33,5.3,39.7,105.2,
Markieff Morris,Heat,F,32.59,17,17.6,9,0.889,75,0.547,39,0.333,0.531,0.547,7.6,2.6,1.4,0.35,0.06,1.18,6.9,104.5,101.8,
Monte Morris,Nuggets,G,26.77,73,29.9,84,0.869,450,0.547,305,0.4,0.568,0.588,12.8,3,4.5,0.75,0.19,1.04,7.5,120.7,113,79
Emmanuel Mudiay,Kings,G,26.08,2,5.5,4,0.75,2,0,0,0,0,0.399,1.5,0,2,0.5,0,0.5,0,100.3,109,
Mychal Mulder,Magic,G,27.81,15,13,2,1,21,0.333,46,0.283,0.396,0.405,3.7,1.4,0.2,0.27,0.07,0.53,3.1,76,111.6,
Trey Murphy III,Pelicans,F,21.79,58,13.5,42,0.857,78,0.423,167,0.365,0.508,0.541,4.9,2.3,0.6,0.34,0.12,0.22,5.6,118.7,108.7,75
Dejounte Murray,Spurs,G,25.54,67,34.8,241,0.788,938,0.504,288,0.33,0.502,0.533,21.2,8.4,9.3,2.03,0.34,2.66,13.6,113.3,106.6,
Mike Muscala,Thunder,F-C,30.76,43,13.8,57,0.842,85,0.506,163,0.429,0.597,0.63,8,3,0.5,0.42,0.6,0.33,6.6,124.3,103.8,76
Svi Mykhailiuk,Raptors,G-F,24.82,55,12.9,37,0.865,99,0.505,129,0.302,0.476,0.51,4.5,1.7,0.8,0.45,0.07,0.56,5.7,104.8,107.5,75
Abdel Nader,Suns,F,28.52,14,10.4,10,0.6,21,0.381,14,0.286,0.4,0.431,2.4,1.9,0.5,0.57,0.29,0.79,5.1,78.8,94.7,
Larry Nance Jr.,Trail Blazers,F-C,29.26,37,23.2,49,0.653,136,0.61,62,0.306,0.563,0.581,6.9,5.6,2,1.03,0.35,0.73,7.3,123.4,110.2,77
Larry Nance Jr.,Pelicans,F-C,29.26,5,20.5,2,1,21,0.571,4,0.75,0.66,0.676,7,4.8,0.8,0.2,1.2,0.8,5.8,126.1,106.9,77
RJ Nembhard Jr.,Cavs,G,23.04,13,4.6,4,0.75,15,0.4,2,0,0.353,0.4,1.2,0.5,0.9,0.08,0,0.15,7.1,106.9,112.4,
Aaron Nesmith,Celtics,G-F,22.47,49,11,24,0.792,66,0.606,105,0.267,0.48,0.504,3.7,1.7,0.4,0.39,0.08,0.53,4.9,97.2,97.7,
Raul Neto,Wizards,G,29.87,67,19.8,101,0.762,310,0.519,116,0.293,0.498,0.532,7.5,2,3.2,0.79,0.04,1.12,7.3,107.6,110.2,
Malik Newman,Cavs,G,25.12,1,7.7,2,1,4,0.75,1,0,0.6,0.68,8,1,1,0,0,1,10.4,117.9,114.7,
Georges Niang,76ers,F,28.8,74,23,59,0.881,176,0.511,376,0.399,0.571,0.59,9.2,2.7,1.4,0.41,0.16,0.78,5.7,112.3,104.2,73
Daishen Nix,Rockets,G,20.14,22,10.9,26,0.538,39,0.462,26,0.269,0.438,0.464,3.2,1.4,1.8,0.59,0,1.05,7.4,91.8,111.5,
Zeke Nnaji,Nuggets,F-C,21.23,40,16.8,62,0.613,101,0.574,76,0.487,0.641,0.649,6.6,3.6,0.4,0.4,0.33,0.55,5,126.4,103.6,
Nerlens Noel,Knicks,C-F,27.98,25,22.5,30,0.7,57,0.561,3,0,0.533,0.581,3.4,5.6,0.9,1.2,1.24,0.8,4.6,120.2,98.7,
Jaylen Nowell,Timberwolves,G,22.74,59,15.7,82,0.768,240,0.533,149,0.383,0.549,0.576,8.3,2,2.2,0.44,0.15,0.56,8.5,121,109.5,
Frank Ntilikina,Mavericks,G,23.69,56,12.1,25,0.96,112,0.446,109,0.349,0.484,0.513,4.3,1.4,1.2,0.48,0.13,0.55,6.4,104,103.3,
Jusuf Nurkic,Trail Blazers,C,27.61,56,28.2,268,0.69,544,0.563,56,0.268,0.548,0.586,15,11.1,2.8,1.11,0.61,2.55,11,112.7,102.7,
David Nwaba,Rockets,G-F,29.22,45,13.2,67,0.716,126,0.548,48,0.313,0.526,0.568,5.1,3.3,0.8,0.6,0.42,0.47,7.2,117.6,108.3,
Jordan Nwora,Bucks,F,23.57,59,19.2,32,0.813,218,0.472,217,0.35,0.499,0.512,7.8,3.5,0.9,0.41,0.27,0.93,6.1,100,108.1,72
Semi Ojeleye,Bucks,F,27.33,20,15.4,13,0.769,29,0.241,41,0.268,0.336,0.376,2.9,2.9,0.3,0.25,0.25,0.25,3.5,96.9,107.7,71
Semi Ojeleye,Clippers,F,27.33,10,9.8,16,0.813,20,0.4,9,0.444,0.483,0.569,4.1,1.6,0.4,0.2,0.1,0.4,5.6,111,110.7,71
Chuma Okeke,Magic,F,23.63,67,24.7,63,0.841,197,0.472,341,0.311,0.468,0.492,8.3,4.9,1.7,1.36,0.57,0.84,6.6,100.2,108.1,
Josh Okogie,Timberwolves,G,23.59,47,10.4,47,0.681,51,0.451,46,0.304,0.454,0.51,2.6,1.4,0.5,0.51,0.23,0.49,4.7,103.4,106.3,
Onyeka Okongwu,Hawks,F-C,21.31,44,20.7,108,0.722,211,0.692,0,0,0.692,0.716,8.4,5.9,1.1,0.61,1.32,0.91,7.3,141.1,100.7,
Isaac Okoro,Cavs,F-G,21.19,64,29.8,151,0.781,268,0.552,153,0.353,0.544,0.591,9,3.1,1.8,0.84,0.33,0.91,5,119.9,105.6,
KZ Okpala,Heat,F-G,22.93,21,11.6,11,0.727,43,0.488,26,0.346,0.5,0.521,3.7,2,0.7,0.19,0.33,0.24,6,113.2,102.1,
Victor Oladipo,Heat,G,29.92,7,19.7,8,0.625,26,0.462,25,0.4,0.529,0.541,8.4,1.9,3,0.43,0.14,1.71,7.4,102.2,105.7,
Cameron Oliver,Hawks,F,20,2,21.7,3,0.667,12,0.75,3,0.333,0.7,0.705,11.5,3,1.5,0.5,0.5,0,6.9,149.8,107,
Kelly Olynyk,Pistons,F-C,30.96,39,19,80,0.763,164,0.518,115,0.339,0.514,0.554,8.9,4.4,2.7,0.79,0.46,1.41,10,111,101.7,
Eugene Omoruyi,Mavericks,F,25.13,4,4.5,4,0.5,3,0.333,2,0.5,0.5,0.518,1.8,1.8,0.5,0,0,0,10.4,131.5,98,
Royce O'Neale,Jazz,F,28.83,74,31.4,52,0.808,134,0.619,295,0.393,0.599,0.615,7.5,4.9,2.5,1.14,0.43,0.97,5.7,124.1,105.9,
Cedi Osman,Cavs,F,26.99,63,22.1,127,0.661,204,0.549,346,0.353,0.536,0.556,10.7,2.2,2.1,0.81,0.16,1.03,6.6,109.8,104.3,
Daniel Oturu,Raptors,C,22.54,3,9.1,5,0.6,5,0.6,1,0,0.5,0.549,3,1.7,0,0,0.67,0,0,122.8,112.3,71
Kelly Oubre Jr.,Hornets,F-G,26.32,72,26.7,177,0.667,371,0.571,531,0.345,0.539,0.557,15.2,4,1.1,1.03,0.43,0.92,6.1,109.9,108.1,
Jaysean Paige,Pistons,G,27.68,1,6.6,0,0,1,0,2,0,0,0,0,1,1,0,0,1,0,15.2,85.2,
Trayvon Palmer,Pistons,G,27.39,1,16.8,0,0,1,0,0,0,0,0,0,2,0,0,0,1,0,0,107,
Kevin Pangos,Cavs,G,29.19,24,6.9,4,0.75,20,0.45,26,0.231,0.391,0.408,1.6,0.5,1.3,0.13,0,0.29,5.9,99.1,108.6,
Jabari Parker,Celtics,F,27.06,12,9.4,9,1,22,0.455,16,0.5,0.579,0.632,4.4,2.3,0.5,0.33,0.08,0.67,7.3,113.6,95.6,
Eric Paschall,Jazz,F,25.41,56,12.9,83,0.771,121,0.579,107,0.374,0.57,0.612,5.8,1.9,0.6,0.16,0.09,0.48,5.8,122.9,108.8,
Chris Paul,Suns,G,36.91,63,33,200,0.835,522,0.556,196,0.321,0.536,0.581,14.9,4.3,10.7,1.86,0.32,2.37,10.7,123.3,104.1,
Cameron Payne,Suns,G,27.66,56,22,89,0.843,365,0.452,202,0.337,0.471,0.502,10.9,3,4.8,0.68,0.3,1.75,9.8,104.1,102.3,
Gary Payton II,Warriors,G,29.34,68,17.4,56,0.589,210,0.752,118,0.364,0.678,0.678,7,3.4,0.9,1.35,0.31,0.57,6.4,129,96.9,78
Elfrid Payton,Suns,G,28.11,48,10.9,30,0.4,149,0.409,17,0.235,0.404,0.407,3,1.8,2,0.5,0.13,0.94,8.1,89.3,104.1,
Norvel Pelle,Jazz,C,29.16,3,6.3,0,0,5,0.6,0,0,0.6,0.6,2,2,0,0,0.33,0.67,0,101.5,109.9,
Reggie Perry,Trail Blazers,F-C,22.04,5,18.6,10,0.6,30,0.533,8,0.25,0.5,0.519,8.8,5.8,0.6,0.6,0.4,0.8,6.7,107,99.1,
Reggie Perry,Pacers,F-C,22.04,1,9.9,0,0,1,1,0,0,1,1,2,1,0,0,0,0,0,200,88.9,
Jamorko Pickett,Pistons,F,24.28,11,12.1,2,0.5,8,0.375,31,0.29,0.423,0.426,3.1,2.2,0.6,0,0.55,0.27,5.3,95.6,112.3,
Theo Pinson,Mavericks,G-F,26.41,16,7.5,4,1,7,0.429,25,0.24,0.375,0.415,1.8,1.2,0.8,0.25,0.13,0.13,6.4,99.8,103.7,
Mason Plumlee,Hornets,F-C,32.08,69,24.9,161,0.391,305,0.639,2,0,0.635,0.599,6.6,7.9,3.2,0.83,0.7,1.35,8.8,123.4,101.8,
Jakob Poeltl,Spurs,C,26.47,65,29,180,0.494,633,0.618,1,1,0.619,0.613,13.4,9.2,2.8,0.68,1.74,1.58,9.7,124.1,103.9,
Aleksej Pokusevski,Thunder,C,20.27,61,20.2,50,0.7,259,0.498,197,0.289,0.47,0.485,7.6,5.2,2.1,0.64,0.61,1.54,8.6,96.1,106.2,76
Jordan Poole,Warriors,G,22.79,73,30,249,0.92,456,0.557,552,0.368,0.554,0.602,18.4,3.4,3.8,0.81,0.29,2.41,8.3,112.7,103.2,81
Kevin Porter Jr.,Rockets,G-F,21.92,58,30.8,180,0.628,357,0.451,378,0.368,0.503,0.523,14.7,4.3,6.2,1.12,0.38,3.19,9.5,101.9,111.5,
Michael Porter Jr.,Nuggets,F,23.77,9,29.5,9,0.556,55,0.491,48,0.208,0.408,0.416,9.9,6.6,1.9,1.11,0.22,1.33,6.8,86.7,107.1,80
Otto Porter Jr.,Warriors,F,28.84,61,22,59,0.814,191,0.576,209,0.368,0.564,0.586,8.2,5.7,1.5,1.07,0.46,0.57,7.5,123,102.3,77
Bobby Portis,Bucks,F,27.15,69,28.3,113,0.752,509,0.532,327,0.394,0.556,0.572,14.7,9.1,1.2,0.75,0.74,1.29,7.7,115.5,103.5,81
Kristaps Porzingis,Mavericks,F-C,26.67,34,29.5,170,0.865,335,0.537,173,0.283,0.499,0.561,19.2,7.7,2,0.74,1.74,1.56,9,113.5,101.4,
Kristaps Porzingis,Wizards,F-C,26.67,15,28,109,0.872,160,0.513,66,0.333,0.509,0.593,21.7,8.3,3,0.73,1.47,1.67,11.6,121.1,104.2,
Micah Potter,Pistons,F,24,3,10.3,2,1,9,0.556,2,0,0.455,0.505,4,3,0,0.33,0.33,0.33,0,109.1,102.5,
Dwight Powell,Mavericks,F-C,30.71,79,21.7,197,0.797,348,0.693,37,0.351,0.677,0.719,8.6,4.9,1.2,0.46,0.46,0.73,6.8,144.5,99.7,
Myles Powell,76ers,G,20,11,4.7,2,1,11,0.364,6,0.167,0.324,0.364,1.2,0.5,0.3,0.09,0,0.27,4.8,74.2,99.3,65
Norman Powell,Trail Blazers,G,28.86,40,33.3,198,0.803,313,0.492,229,0.406,0.542,0.593,18.7,3.3,2.1,1,0.43,1.55,6.1,114.9,114.6,81
Norman Powell,Clippers,G,28.86,3,26.8,20,0.85,28,0.5,14,0.429,0.548,0.62,21,3,4,0.67,0.67,1.67,9.4,124.2,106,81
Joshua Primo,Spurs,G,19.28,46,18.7,51,0.765,114,0.447,126,0.302,0.45,0.486,5.5,2.3,1.5,0.43,0.46,1.09,5.7,96.2,109.7,
Taurean Prince,Timberwolves,F,28.04,67,17.1,78,0.769,160,0.569,220,0.377,0.567,0.593,7.3,2.6,1,0.69,0.34,0.78,6.2,112.7,105.9,
Payton Pritchard,Celtics,G,24.18,68,13.9,19,1,120,0.45,228,0.412,0.56,0.574,6,1.9,1.9,0.32,0.07,0.57,8,119.2,105.6,
Trevelin Queen,Rockets,G,20,10,7.4,4,1,9,0.667,24,0.375,0.591,0.619,4.3,1.6,0.4,0.5,0.1,0.7,7.6,109.8,110.1,
Neemias Queta,Kings,C,22.73,11,6.5,7,0.571,24,0.417,0,0,0.417,0.443,2.2,1.8,0.4,0.09,0.36,0.36,7.2,103.4,103.7,
Immanuel Quickley,Knicks,G,22.8,75,22.6,188,0.888,302,0.444,370,0.346,0.485,0.543,10.9,3,3.3,0.68,0.04,1.24,8.4,113.5,104.4,
Jahmi'us Ramsey,Kings,G,20.82,19,7.1,14,0.5,40,0.475,18,0.278,0.457,0.468,3.2,0.7,0.4,0.05,0.05,0.26,5.4,94.9,113.9,
Julius Randle,Knicks,F-C,27.35,72,35.3,401,0.756,856,0.458,390,0.308,0.459,0.509,20.1,10,5.1,0.74,0.54,3.4,11.4,102.8,103.4,
Austin Reaves,Lakers,G,23.85,57,22.5,86,0.837,127,0.638,151,0.305,0.54,0.589,6.5,2.9,1.6,0.42,0.33,0.61,5.5,120.6,112.3,74
Cam Reddish,Hawks,F-G,22.59,34,23.4,80,0.9,190,0.421,153,0.379,0.487,0.537,11.9,2.5,1.1,1.03,0.32,1.29,5.5,103.7,112.5,
Cam Reddish,Knicks,F-G,22.59,15,14.4,32,0.906,34,0.559,31,0.258,0.477,0.575,6.1,1.4,0.7,0.87,0.27,0.87,5,109.2,106.5,
Davon Reed,Nuggets,G,26.81,45,13.6,12,0.833,65,0.569,82,0.427,0.609,0.621,4.2,2.2,1,0.51,0.18,0.27,6.2,125.9,104.4,
Paul Reed,76ers,F,22.81,35,7.4,10,0.4,68,0.5,8,0.25,0.487,0.485,2.2,2.1,0.4,0.69,0.37,0.26,6.6,113.2,91.4,73
Naz Reid,Timberwolves,C-F,22.61,74,15.7,147,0.762,299,0.572,155,0.348,0.555,0.594,8.3,3.9,0.9,0.53,0.93,1.04,7.8,115.1,100.2,
Nick Richards,Hornets,C,24.35,48,7.5,43,0.698,87,0.678,0,0,0.678,0.699,3.1,1.7,0.3,0.19,0.44,0.5,6.2,122.7,102.7,
Josh Richardson,Celtics,G,28.55,44,24.7,71,0.859,187,0.481,156,0.397,0.534,0.57,9.7,2.8,1.5,0.77,0.52,0.89,5.6,113.5,104,
Josh Richardson,Spurs,G,28.55,17,24.2,28,0.964,81,0.42,70,0.414,0.513,0.557,10.7,3,2.4,1.06,0.35,1.29,7,110.7,110.4,
Austin Rivers,Nuggets,G,29.67,64,21.9,40,0.725,111,0.55,221,0.344,0.527,0.542,5.9,1.7,1.4,0.75,0.09,0.8,4.4,103.8,108.5,
Duncan Robinson,Heat,F,27.95,76,26,61,0.836,101,0.564,599,0.367,0.553,0.568,10.9,2.6,1.6,0.51,0.18,0.78,5.5,111.7,103.4,
Jeremiah Robinson-Earl,Thunder,F,21.41,48,22.3,50,0.72,152,0.474,162,0.346,0.497,0.518,7.3,5.7,1,0.6,0.31,0.81,6.2,107,107.2,74
Justin Robinson,Bucks,G,24.48,17,11.6,2,1,20,0.4,37,0.27,0.404,0.415,2.8,0.8,1.2,0.47,0,0.65,4.8,87.4,107.4,68
Justin Robinson,Kings,G,24.48,3,5,0,0,5,0.2,3,0,0.125,0.125,0.7,0.3,0.7,0,0,0.33,4.2,37.7,108.1,68
Justin Robinson,Pistons,G,24.48,5,18.2,6,0.333,7,0.143,21,0.381,0.464,0.457,5.6,1.4,1.8,0.2,0.2,1,5.3,92.3,111.8,68
Mitchell Robinson,Knicks,C-F,24.01,72,25.7,181,0.486,343,0.761,0,0,0.761,0.722,8.5,8.6,0.5,0.79,1.85,0.83,5.2,144.1,101.4,
Isaiah Roby,Thunder,F,24.16,41,20.7,106,0.689,196,0.551,77,0.429,0.577,0.607,9.5,4.9,1.5,0.78,0.68,0.9,8,121.9,102.6,77
Rajon Rondo,Lakers,G,36.11,18,16.1,2,0.5,41,0.366,30,0.267,0.38,0.383,3.1,2.7,3.7,0.67,0.28,1.89,7.8,84.1,107.6,75
Rajon Rondo,Cavs,G,36.11,18,20,24,0.75,46,0.478,52,0.385,0.531,0.562,6.8,2.9,4.5,0.89,0.06,1.61,8.9,111.7,104.2,75
Derrick Rose,Knicks,G,33.5,26,24.5,31,0.968,182,0.467,92,0.402,0.513,0.541,12,3,4,0.85,0.46,1.5,8.6,112.4,113,
Terrence Ross,Magic,G-F,31.16,63,23,130,0.862,290,0.493,264,0.292,0.467,0.515,10,2.6,1.8,0.44,0.19,1.19,6.3,100.1,113.3,
Terry Rozier,Hornets,G,28.05,69,33.9,173,0.85,539,0.506,565,0.377,0.537,0.564,19.3,4.3,4.4,1.33,0.35,1.35,8.4,115.9,113.1,
Ricky Rubio,Cavs,G,31.45,34,28.5,103,0.854,237,0.38,174,0.339,0.434,0.488,13.1,4.1,6.6,1.44,0.21,2.65,9.9,102.3,103.1,
D'Angelo Russell,Timberwolves,G,26.11,64,32,238,0.828,449,0.49,512,0.34,0.501,0.544,18.1,3.3,7,0.97,0.34,2.55,9.3,112.2,111.3,
Domantas Sabonis,Pacers,F-C,25.92,47,34.7,258,0.74,463,0.639,108,0.324,0.61,0.649,18.9,12.1,5,0.98,0.47,3.04,12.1,123.3,106.7,
Domantas Sabonis,Kings,F-C,25.92,15,33.6,74,0.743,185,0.584,17,0.235,0.564,0.603,18.9,12.3,5.8,0.87,0.33,3.47,13.2,115.5,103,
Olivier Sarr,Thunder,C,23.12,21,18.2,25,0.8,66,0.636,27,0.481,0.661,0.688,6.8,3.9,0.9,0.29,0.62,1,6.3,123.6,102.1,67
Tomas Satoransky,Pelicans,G,30.43,32,15,25,0.76,76,0.355,31,0.161,0.322,0.373,2.8,2,2.4,0.44,0.03,0.72,6.3,95.1,109.8,73
Tomas Satoransky,Wizards,G,30.43,18,18.3,25,0.84,47,0.511,16,0.25,0.476,0.547,4.5,2.8,4.4,0.78,0.22,0.89,8.3,122.8,106.7,73
Jordan Schakel,Wizards,G,23.81,2,7.1,0,0,3,0,3,0,0,0,0,1.5,0,0,0,0,0,29.2,121.7,
Admiral Schofield,Magic,F,25.01,36,11.9,13,0.769,45,0.6,69,0.319,0.526,0.543,3.6,2.2,0.7,0.11,0.14,0.53,5.9,103.6,103.2,
Dennis Schroder,Celtics,G,28.55,49,29.2,145,0.848,392,0.485,192,0.349,0.497,0.543,14.4,3.3,4.2,0.84,0.1,2.12,8,108,103.4,
Dennis Schroder,Rockets,G,28.55,15,27,39,0.872,82,0.439,58,0.328,0.461,0.519,10.9,3.3,5.9,0.87,0.2,2.6,8.8,104.1,111,
Trevon Scott,Cavs,F,25.35,2,5.7,0,0,5,0.6,1,0,0.5,0.5,3,1,0,0.5,0.5,0,0,107.3,91,
Jay Scrubb,Clippers,G,21.59,18,6.7,10,0.7,25,0.48,21,0.286,0.457,0.486,2.7,0.9,0.4,0.22,0.17,0.39,5.9,93.4,107.1,67
Wayne Selden,Knicks,G,27.51,3,6.4,4,0.5,2,0,2,0.5,0.375,0.434,1.7,0.3,0.3,0,0,0,3.3,102.9,113.1,
Alperen Sengun,Rockets,C,19.69,69,20.1,225,0.702,383,0.535,107,0.262,0.504,0.553,9.4,5.4,2.4,0.83,0.96,2.06,9.9,106.7,102.8,
Collin Sexton,Cavs,G,23.25,11,28.8,39,0.744,106,0.538,45,0.244,0.487,0.523,16,3.3,2.1,0.91,0,2.82,6.7,95.9,105.8,
Landry Shamet,Suns,G,25.06,65,20.7,80,0.838,131,0.435,307,0.378,0.527,0.559,8.1,1.8,1.6,0.42,0.12,0.57,5.5,112.9,107.7,
Day'Ron Sharpe,Nets,F,20.41,32,12.2,41,0.585,142,0.592,7,0.286,0.584,0.593,6.2,5,0.5,0.31,0.47,0.94,8.2,119.3,98.4,74
Pascal Siakam,Raptors,F,28.01,65,37.9,355,0.746,927,0.523,205,0.356,0.525,0.564,22.4,8.4,5.2,1.22,0.62,2.72,10.5,114.8,103.6,87
Chris Silva,Heat,F,25.54,9,9.7,12,0.833,15,0.533,0,0,0.533,0.641,2.9,3.9,0.8,0,0.11,0.89,8.6,120.3,84.6,
Anfernee Simons,Trail Blazers,G,22.82,57,29.5,116,0.888,355,0.49,442,0.405,0.555,0.583,17.3,2.6,3.9,0.53,0.11,2.02,7.6,112.2,116.2,
Jericho Sims,Knicks,C,23.46,38,11.8,19,0.316,40,0.775,0,0,0.775,0.703,1.8,3.5,0.4,0.18,0.45,0.39,4.6,134.1,100.2,
Deividas Sirvydis,Pistons,F-G,21.81,3,8.9,0,0,3,0,7,0.143,0.15,0.15,1,2,0.3,1,0.33,0,3.8,40.7,93.3,
Javonte Smart,Bucks,G,22.84,13,12.3,6,0.833,25,0.28,18,0.222,0.302,0.34,2.4,1.5,1.1,0.31,0.15,0.69,5.1,77.4,109.2,69
Marcus Smart,Celtics,G,28.08,68,32.6,177,0.791,349,0.504,338,0.322,0.494,0.535,12,3.9,5.8,1.74,0.25,2.25,7.9,109.5,102.9,
Dennis Smith Jr.,Trail Blazers,G,24.36,37,17.3,64,0.656,162,0.451,27,0.222,0.434,0.474,5.6,2.4,3.6,1.22,0.32,1.38,8.4,101.7,110,
Ish Smith,Hornets,G,33.75,37,13.8,19,0.632,160,0.394,25,0.4,0.422,0.434,4.5,1.5,2.6,0.54,0.27,0.97,7.5,95.2,111.7,
Ish Smith,Wizards,G,33.75,24,22.1,5,0.6,171,0.491,37,0.324,0.49,0.492,8.6,3,5,0.88,0.5,1.42,9.1,105.8,109.6,
Jalen Smith,Suns,F-C,22.05,29,13.2,52,0.769,98,0.551,39,0.231,0.493,0.547,6,4.8,0.2,0.21,0.62,0.76,5.4,113.7,95.3,
Jalen Smith,Pacers,F-C,22.05,21,24.4,47,0.745,123,0.626,78,0.372,0.6,0.623,13.1,7.7,0.8,0.38,0.95,0.9,7.1,123.6,109.2,
Xavier Sneed,Jazz,F,20,5,4.4,0,0,1,1,4,0.25,0.5,0.5,1,0.4,0,0,0,0,0,104.3,117.7,
Tony Snell,Trail Blazers,G,30.4,38,14.4,3,1,22,0.545,75,0.32,0.495,0.503,2.6,1.9,0.6,0.21,0.18,0.29,4,104.1,113.6,71
Tony Snell,Pelicans,G,30.4,12,19.4,0,0,14,0.5,44,0.409,0.586,0.586,5.7,2.4,0.4,0.5,0.17,0.58,3.6,108.2,107.2,71
Cassius Stanley,Pistons,G,22.63,9,17.2,10,1,29,0.517,17,0.235,0.457,0.516,5.8,2.1,0.4,0.56,0.22,0.67,3.9,101.2,107,
Nik Stauskas,Heat,G,28.49,2,11.9,4,0.75,4,0.25,4,0.5,0.5,0.564,5.5,1.5,0.5,0,0,0,5.4,127.1,111.4,
Lance Stephenson,Hawks,F,31.58,6,11.6,2,0.5,10,0.5,3,0,0.385,0.396,1.8,2.5,1.8,0,0,0.67,6.9,91.6,105.4,
Lance Stephenson,Pacers,F,31.58,37,18.9,69,0.797,208,0.514,84,0.298,0.495,0.534,9.3,2.9,3.8,0.57,0.08,1.73,9.9,106.3,107.1,
Lamar Stevens,Cavs,F,24.74,60,16,75,0.707,236,0.551,62,0.29,0.527,0.554,6.1,2.6,0.7,0.52,0.28,0.63,5.6,109.5,101.6,
Isaiah Stewart,Pistons,F-C,20.87,68,25.7,97,0.701,431,0.534,37,0.243,0.52,0.543,8.2,8.6,1.1,0.32,1.1,1.24,6.6,112.3,103.7,
Max Strus,Heat,G-F,26.02,66,23.4,52,0.788,120,0.55,434,0.406,0.596,0.608,10.6,3,1.3,0.42,0.24,0.82,5.9,115.4,105.7,
Jalen Suggs,Magic,G,20.84,46,27.7,163,0.773,347,0.441,190,0.216,0.399,0.456,12.1,3.7,4.4,1.22,0.39,3.04,8.4,88.4,104.3,
Craig Sword,Wizards,G,28.21,3,6.3,0,0,3,1,1,0,0.75,0.75,2,0,0.3,1.33,0,0.33,0,115.2,69.3,
Keifer Sykes,Pacers,G,28.26,32,17.7,17,0.882,100,0.42,90,0.3,0.434,0.456,5.6,1.4,1.9,0.38,0.13,1.03,5.6,93.8,112.4,
Jae'Sean Tate,Rockets,F,26.43,75,26.3,179,0.709,508,0.577,196,0.311,0.546,0.572,11.9,5.4,2.9,0.93,0.53,1.79,8.7,112.1,105,
Jayson Tatum,Celtics,F-G,24.09,74,36.1,459,0.854,897,0.523,635,0.351,0.524,0.576,27,8,4.4,0.96,0.65,2.84,10.9,113.3,102.5,
Terry Taylor,Pacers,G,22.53,30,21.1,45,0.689,161,0.677,31,0.387,0.661,0.673,9.5,5.2,1.2,0.37,0.27,0.67,7.4,138.4,111.5,
Garrett Temple,Pelicans,G-F,35.91,56,18.9,41,0.683,107,0.486,175,0.32,0.482,0.5,5.4,2.5,1.3,0.75,0.41,0.71,5.5,102.7,108.1,70
Emanuel Terry,Suns,F,26.62,3,6.1,0,0,5,0,0,0,0,0,0,5,0.7,0.33,0,1.67,0,63.4,78.9,
Daniel Theis,Rockets,F-C,30,26,22.5,40,0.675,100,0.61,79,0.291,0.534,0.554,8.4,5,0.8,0.42,0.65,1.19,5.7,104.5,108.7,
Daniel Theis,Celtics,F-C,30,18,17,24,0.667,60,0.7,20,0.3,0.638,0.652,6.6,4.3,0.8,0.5,0.83,0.72,6.7,123,94,
Brodric Thomas,Celtics,G,25.18,10,4.8,4,0.5,7,0.714,8,0.125,0.433,0.447,1.5,0.7,0.8,0,0.1,0.4,7.9,95,99.7,
Cam Thomas,Nets,G,20.47,63,18.2,99,0.828,323,0.517,170,0.265,0.476,0.513,8.7,2.5,1.2,0.52,0.13,0.84,6.5,102,111.8,75
Isaiah Thomas,Lakers,G,33.15,4,25.3,11,0.727,17,0.412,22,0.227,0.372,0.422,9.3,2,1.5,0,0.5,1.25,4.8,85.6,108.5,76
Isaiah Thomas,Mavericks,G,33.15,1,13.3,0,0,5,0.6,3,0,0.375,0.375,6,0,4,0,0,0,0,101.4,118.7,76
Isaiah Thomas,Hornets,G,33.15,13,13.7,11,0.909,51,0.471,45,0.378,0.516,0.54,8.4,1.4,1.6,0.46,0.15,0.62,7.8,108.6,110.1,76
Matt Thomas,Bulls,G,27.67,40,11.5,20,0.8,43,0.465,91,0.385,0.541,0.564,4,1.3,0.5,0.2,0.08,0.2,4.8,112.4,114.2,
Klay Thompson,Warriors,G,32.15,30,29.2,45,0.911,250,0.468,272,0.371,0.514,0.533,19.3,3.9,2.7,0.53,0.57,1.3,8.1,105.5,107,83
Tristan Thompson,Kings,C-F,31.06,30,15.2,60,0.533,150,0.5,1,1,0.507,0.521,6.2,5.4,0.6,0.37,0.4,0.97,7.2,109.2,105.1,
Tristan Thompson,Pacers,C-F,31.06,4,16.4,8,0.375,24,0.542,0,0,0.542,0.527,7.3,4.5,0.5,0,0.5,1,6.2,102.9,109,
Tristan Thompson,Bulls,C-F,31.06,19,16.3,40,0.525,69,0.565,2,0,0.549,0.559,5.2,4.6,0.7,0.63,0.32,0.58,6.3,118.8,103.9,
JT Thor,Hornets,F,19.61,29,8.5,16,0.625,28,0.607,26,0.269,0.509,0.532,2.2,1.4,0.6,0.28,0.34,0.28,5.8,112.1,107.3,
Matisse Thybulle,76ers,G-F,25.09,63,25.5,43,0.791,150,0.68,139,0.317,0.581,0.601,5.9,2.3,1.1,1.76,1.1,0.6,3.9,117.3,103.4,77
Killian Tillie,Grizzlies,F-C,24.08,36,12.8,8,0.625,41,0.39,86,0.314,0.445,0.452,3.3,1.7,0.6,0.64,0.42,0.36,4.7,100.9,100.4,69
Xavier Tillman,Grizzlies,F,23.23,49,13,66,0.652,154,0.532,42,0.214,0.487,0.52,4.8,3.1,1.1,0.94,0.31,0.65,7.8,112.4,100.9,76
Isaiah Todd,Wizards,F,20.46,10,4.1,6,0.333,6,0.167,11,0.364,0.412,0.407,1.6,1,0.3,0.2,0.2,0.1,7.6,91.5,112.2,
Obi Toppin,Knicks,F,24.09,69,16.1,113,0.761,268,0.657,142,0.268,0.568,0.6,8,3.6,1,0.32,0.42,0.75,7.6,118.8,104.4,
Juan Toscano-Anderson,Warriors,F,28.98,71,13.6,70,0.571,146,0.589,85,0.306,0.541,0.554,4.1,2.4,1.7,0.68,0.24,0.92,7.5,106,97.5,73
Karl-Anthony Towns,Timberwolves,C-F,26.38,72,33.4,457,0.825,819,0.587,352,0.409,0.595,0.645,24.6,9.8,3.6,1,1.13,3.11,11.4,121.5,102.4,
Gary Trent Jr.,Raptors,G-F,23.21,66,34.9,197,0.848,495,0.442,519,0.38,0.507,0.543,18.1,2.7,2,1.82,0.26,1.05,5.3,113.5,109.2,79
P.J. Tucker,Heat,F,36.92,70,28,61,0.738,231,0.541,190,0.416,0.578,0.594,7.6,5.4,2.1,0.81,0.21,0.93,6.3,120.9,103,
Rayjon Tucker,Nuggets,G,24.53,3,9.8,4,0.75,0,0,2,0.5,0.75,0.798,2,1.3,1.3,0.33,0,0,6.1,188.7,105,
Myles Turner,Pacers,C-F,26.03,42,29.4,105,0.752,210,0.662,183,0.333,0.587,0.615,12.9,7.1,1,0.67,2.81,1.29,6.1,117.7,108,
Jonas Valanciunas,Pelicans,C,29.91,72,30.7,283,0.816,766,0.581,158,0.361,0.574,0.616,17.9,11.6,2.6,0.58,0.83,2.43,10.6,118.1,101.2,83
Denzel Valentine,Cavs,G,28.38,22,9.3,0,0,18,0.278,44,0.409,0.516,0.516,2.9,1.7,0.5,0.32,0,0.45,5.8,100.1,103,
Denzel Valentine,Jazz,G,28.38,2,9.3,0,0,1,1,3,0.333,0.625,0.625,2.5,2,0,0.5,0,1,0,75.3,93,
Jarred Vanderbilt,Timberwolves,F,23,71,25.5,125,0.656,340,0.603,13,0.154,0.589,0.61,7,8.5,1.3,1.34,0.65,0.99,6.7,127.8,102.3,
Fred VanVleet,Raptors,G,28.1,64,37.9,219,0.877,446,0.444,630,0.381,0.519,0.558,20.4,4.5,6.6,1.72,0.55,2.61,8.9,115.2,107.9,83
Devin Vassell,Spurs,G-F,21.61,68,27.1,91,0.824,367,0.499,358,0.352,0.513,0.535,12,4.3,1.9,1.04,0.6,0.79,6.8,109,107.8,
Gabe Vincent,Heat,G,25.8,65,23.6,54,0.815,186,0.5,311,0.367,0.531,0.549,8.8,1.9,3.1,0.92,0.18,1.48,6.3,106.7,102.8,
Nikola Vucevic,Bulls,C,31.44,70,33.5,117,0.752,795,0.546,321,0.318,0.526,0.54,18,11.2,3.3,0.99,1.01,1.84,10.4,108.8,104.9,
Dean Wade,Cavs,F-C,25.37,51,19.2,30,0.667,75,0.64,142,0.359,0.574,0.584,5.3,2.9,1,0.57,0.14,0.31,5.2,122,103.2,
Franz Wagner,Magic,F,20.6,78,31.1,219,0.863,704,0.51,269,0.357,0.517,0.559,15.3,4.6,2.9,0.87,0.44,1.53,7.6,110.6,109.9,
Moritz Wagner,Magic,F-C,24.94,60,14.7,123,0.805,182,0.665,185,0.319,0.571,0.615,8.6,3.6,1.3,0.28,0.22,0.87,9.3,116.9,100.9,
Ish Wainright,Suns,F,27.56,42,7.2,12,0.583,32,0.469,43,0.279,0.44,0.455,1.7,1,0.3,0.31,0.14,0.29,4.4,96.5,98,
Lonnie Walker IV,Spurs,G-F,23.31,68,23,142,0.775,399,0.486,342,0.313,0.478,0.51,12,2.5,2.2,0.62,0.28,1.06,7,102.6,111.3,
Kemba Walker,Knicks,G,31.91,37,25.6,71,0.845,171,0.444,199,0.367,0.501,0.537,11.6,3,3.5,0.7,0.19,1.3,7.7,111.8,111.4,
MJ Walker,Suns,G,24.02,2,4.2,0,0,2,0,2,0,0,0,0,0.5,0.5,1,0,0,0,17.5,87,
Tyrone Wallace,Pelicans,G,27.82,6,12.5,5,0.2,12,0.417,8,0.25,0.4,0.383,2.8,1.3,0.2,0.5,0.17,0.33,2.9,74.7,106,68
Derrick Walton Jr.,Pistons,G,27.01,3,36.1,4,1,13,0.231,13,0.231,0.288,0.342,6.3,3.3,7,2.33,1.33,3.67,5.8,76.9,109.4,
Brad Wanamaker,Pacers,G,32.69,22,13.3,22,0.909,55,0.4,17,0.235,0.389,0.465,3.5,1.6,2.2,0.23,0.27,1.05,6.9,96.9,105.7,
Brad Wanamaker,Wizards,G,32.69,1,27.1,3,1,5,0.4,0,0,0.4,0.554,7,4,7,2,0,0,8.6,147.5,102.4,
Duane Washington Jr.,Pacers,G,22.03,45,20,57,0.772,196,0.429,199,0.362,0.486,0.509,9.5,1.8,1.8,0.53,0.07,1.22,6.3,99.1,113.6,
P.J. Washington,Hornets,F,23.61,61,27,74,0.716,211,0.597,294,0.367,0.57,0.585,10.3,5.3,2.2,0.9,0.9,1.25,7.3,114.3,108.1,
Yuta Watanabe,Raptors,G-F,27.47,36,11.7,37,0.568,56,0.482,75,0.36,0.515,0.53,4.3,2.4,0.5,0.22,0.44,0.53,5.9,106.2,104.7,71
Lindy Waters III,Thunder,F,24.69,23,18.9,1,1,26,0.692,136,0.353,0.556,0.557,7.9,3,1,0.78,0.35,0.48,6.1,108.9,107.2,71
Tremont Waters,Raptors,G,24.23,2,20.9,0,0,3,0.333,9,0.222,0.333,0.333,4,2,3.5,2,0,2,5.8,73.7,106.9,70
Tremont Waters,Wizards,G,24.23,1,8.5,0,0,2,0.5,0,0,0.5,0.5,2,0,0,1,0,0,0,99.5,90,
Trendon Watford,Trail Blazers,F,21.4,48,18.1,94,0.755,229,0.581,38,0.237,0.549,0.59,7.6,4.1,1.7,0.54,0.58,0.92,8.3,118.9,105.1,
Paul Watson,Thunder,G,27.26,9,17.4,2,0.5,9,0.667,26,0.231,0.429,0.432,3.4,3,0.9,0.33,0.33,0.44,4.8,91.3,109.1,70
Quinndary Weatherspoon,Warriors,G,25.56,10,6.9,5,1,16,0.688,5,0.2,0.595,0.647,3,1.4,0.4,0.1,0.1,0.3,6.9,121.4,87.6,68
Russell Westbrook,Lakers,G,33.39,77,34.3,391,0.665,951,0.485,262,0.294,0.475,0.51,18.4,7.5,7.1,0.96,0.26,3.74,11.6,102,107.1,78
Coby White,Bulls,G,22.13,58,27.3,87,0.862,279,0.502,334,0.374,0.534,0.56,12.6,3,2.9,0.45,0.19,1.12,7,111.2,109.6,
Derrick White,Spurs,G,27.76,49,30.3,160,0.869,312,0.519,258,0.314,0.497,0.551,14.4,3.5,5.6,1,0.86,1.78,8.7,113.9,109,
Derrick White,Celtics,G,27.76,23,27.5,67,0.881,106,0.5,98,0.286,0.466,0.533,10.8,3.3,3.6,0.61,0.7,1.22,7.3,113.5,103.2,
HasSpurs Whiteside,Jazz,C,32.81,61,18,149,0.624,304,0.648,0,0,0.648,0.659,8,7.5,0.4,0.36,1.49,0.84,6.4,131.4,93.9,
Joe Wieskamp,Spurs,G-F,22.61,25,6.5,9,0.556,12,0.5,38,0.342,0.51,0.519,2.2,0.4,0.3,0.16,0.12,0.08,3.9,109.8,112.7,
Aaron Wiggins,Thunder,G-F,23.25,50,24.2,85,0.729,199,0.573,138,0.304,0.525,0.556,8.3,3.6,1.4,0.6,0.2,1.08,5.7,107.9,108.9,74
Andrew Wiggins,Warriors,F,27.11,71,31.9,227,0.643,607,0.512,387,0.393,0.542,0.559,17.2,4.5,2.3,1.08,0.7,1.52,7.1,109.5,105.2,83
Lindell Wigginton,Bucks,G,24.02,17,8.9,27,0.556,24,0.5,19,0.368,0.523,0.547,3.5,1.2,0.8,0.29,0.06,0.59,6.7,103,106.9,69
Robert Williams III,Celtics,C-F,24.46,61,29.6,90,0.722,367,0.738,1,0,0.736,0.745,10,9.6,2,0.92,2.2,1.03,7.8,149.6,100.6,
Brandon Williams,Trail Blazers,G,22.37,21,27,90,0.7,153,0.431,99,0.303,0.44,0.489,13.6,3.2,3.9,1.05,0.43,2.43,8.2,98.1,113,
Grant Williams,Celtics,F,23.34,74,24.2,89,0.899,167,0.575,249,0.418,0.606,0.642,7.9,3.5,1,0.47,0.72,0.8,5,122.8,101.5,
Kenrich Williams,Thunder,G-F,27.34,49,21.9,55,0.545,196,0.536,121,0.339,0.525,0.532,7.4,4.5,2.2,0.9,0.2,0.94,7.6,111.7,107.1,76
Lou Williams,Hawks,G,35.44,55,14.3,78,0.859,215,0.405,101,0.366,0.451,0.502,6.4,1.6,1.9,0.51,0.05,0.76,7.5,105.4,112.3,
Patrick Williams,Bulls,F,20.61,13,22.9,16,0.625,41,0.561,17,0.471,0.603,0.615,6.2,3.8,0.6,0.69,0.54,0.54,4.2,120.3,109.8,
Ziaire Williams,Grizzlies,F,20.56,58,21.4,44,0.773,165,0.648,215,0.302,0.538,0.555,7.6,2.1,1,0.55,0.19,0.66,4.7,112,106.6,74
D.J. Wilson,Raptors,F,26.12,4,13.5,10,0.8,13,0.846,2,0,0.733,0.773,7.5,4,1.3,1.25,0.25,0.5,10,148.9,94.1,71
Dylan Windler,Cavs,G-F,25.53,48,9.1,18,0.833,27,0.556,68,0.309,0.489,0.525,2.3,1.8,0.6,0.29,0.06,0.33,6,110.1,101.3,
Justise Winslow,Clippers,F-G,26.02,37,13,41,0.61,112,0.518,29,0.172,0.465,0.49,4.2,3.6,1.4,0.57,0.49,0.97,8.5,98.5,100.8,76
Justise Winslow,Trail Blazers,F-G,26.02,11,26.8,25,0.56,79,0.468,37,0.27,0.448,0.465,10.7,6.3,2.9,1.27,0.64,1.09,8.7,103.8,111,76
Cassius Winston,Wizards,G,24.1,5,5.4,2,1,1,1,5,0.4,0.667,0.727,2,0,1,0,0,0.2,0,143.2,94.9,
Christian Wood,Rockets,F,26.52,68,30.8,332,0.623,542,0.57,336,0.39,0.576,0.595,17.9,10.1,2.3,0.78,0.97,1.85,9.7,114.1,107.9,
Delon Wright,Hawks,G,29.94,73,18.7,57,0.86,149,0.51,111,0.396,0.546,0.584,4.6,2.8,2.4,1.16,0.26,0.62,6.7,126,112.3,
Thaddeus Young,Spurs,F,33.78,26,14.2,22,0.455,123,0.602,5,0,0.578,0.574,6.1,3.6,2.3,0.88,0.27,1.15,10.4,113.8,103.4,
Thaddeus Young,Raptors,F,33.78,22,17.5,23,0.435,83,0.482,34,0.412,0.521,0.519,6,4.3,1.6,1.14,0.45,0.91,7.9,109.4,102.9,75
Trae Young,Hawks,G,23.54,72,34.8,525,0.903,885,0.51,576,0.382,0.535,0.602,28.3,3.8,9.6,1,0.1,3.96,11.6,119.2,114.2,
Omer Yurtseven,Heat,C,23.79,54,12.1,57,0.632,224,0.558,8,0.125,0.545,0.562,5.4,5.1,0.9,0.28,0.35,0.72,9.6,115,93.9,
Cody Zeller,Trail Blazers,F-C,29.49,27,13.1,49,0.776,86,0.593,4,0,0.567,0.627,5.2,4.6,0.8,0.3,0.22,0.7,8.2,128.4,101.5,
Ivica Zubac,Clippers,C,25.05,73,24.4,221,0.729,468,0.624,0,0,0.624,0.659,10.2,8.3,1.6,0.49,1,1.51,8.4,127.1,100.3,78
Carsen Edwards,Pistons,G,24.06,1,30.7,1,1,9,0.333,6,0.333,0.4,0.421,13,3,9,2,0,1,9.2,108.1,107.1,
Gabriel Lundberg,Suns,G,27.33,1,4.2,0,0,1,0,1,0,0,0,0,0,1,0,0,1,0,20.9,118.1,
